date,region,product,customer,quantity,unit_price,revenue,cost,profit
2023-01-01,West,Gadget Y,Customer 5,12,89.15,1069.83,601.13,468.7
2023-01-01,West,Gadget Y,Customer 25,24,95.54,2292.94,1346.57,946.37
2023-01-02,East,Widget A,Customer 13,1,26.62,26.62,15.21,11.41
2023-01-03,West,Gizmo Pro,Customer 11,1,329.89,329.89,169.89,160.0
2023-01-03,West,Gizmo Lite,Customer 13,24,157.44,3778.47,1915.58,1862.89
2023-01-03,South,Gizmo Lite,Customer 17,4,159.06,636.23,426.46,209.77
2023-01-03,West,Gizmo Lite,Customer 35,20,149.06,2981.27,1911.37,1069.9
2023-01-04,West,Widget A,Customer 28,12,23.3,279.64,149.5,130.14
2023-01-04,Central,Gadget Y,Customer 25,23,92.67,2131.34,1407.47,723.87
2023-01-04,North,Widget A,Customer 23,21,23.91,502.16,293.79,208.37
2023-01-05,East,Gizmo Lite,Customer 32,20,147.34,2946.81,1885.67,1061.14
2023-01-05,East,Widget A,Customer 11,24,23.17,556.11,384.6,171.51
2023-01-07,West,Gadget Y,Customer 6,22,94.09,2070.07,1301.49,768.58
2023-01-07,Central,Widget A,Customer 37,16,25.78,412.53,281.1,131.43
2023-01-07,North,Widget A,Customer 1,15,23.27,349.08,176.32,172.76
2023-01-07,Central,Widget B,Customer 36,6,41.52,249.14,171.66,77.48
2023-01-08,East,Gadget Y,Customer 12,14,100.2,1402.85,870.31,532.54
2023-01-08,South,Gadget X,Customer 33,3,125.72,377.17,238.87,138.3
2023-01-09,South,Gizmo Pro,Customer 14,15,288.94,4334.15,2853.05,1481.1
2023-01-09,South,Widget A,Customer 33,19,25.51,484.67,248.59,236.08
2023-01-09,East,Gizmo Pro,Customer 7,15,316.67,4750.03,3156.24,1593.79
2023-01-11,North,Gadget X,Customer 4,4,121.43,485.72,270.0,215.72
2023-01-11,Central,Widget B,Customer 25,7,43.93,307.51,168.0,139.51
2023-01-12,East,Gizmo Lite,Customer 34,18,159.71,2874.84,1852.39,1022.45
2023-01-12,South,Gadget Y,Customer 8,20,94.52,1890.46,1089.86,800.6
2023-01-12,Central,Widget A,Customer 25,11,24.43,268.75,148.74,120.01
2023-01-13,North,Gizmo Pro,Customer 38,2,325.28,650.56,401.16,249.4
2023-01-13,South,Gizmo Pro,Customer 36,2,282.72,565.44,357.06,208.38
2023-01-13,North,Gadget Y,Customer 15,19,100.2,1903.76,968.65,935.11
2023-01-13,North,Gizmo Pro,Customer 12,13,324.91,4223.78,2243.98,1979.8
2023-01-13,North,Gadget X,Customer 17,6,125.76,754.56,424.02,330.54
2023-01-15,South,Widget B,Customer 21,14,36.61,512.54,284.43,228.11
2023-01-16,North,Widget B,Customer 28,20,40.6,812.08,469.09,342.99
2023-01-16,West,Gadget X,Customer 15,16,121.77,1948.39,1110.89,837.5
2023-01-16,East,Gadget X,Customer 33,12,123.41,1480.93,828.77,652.16
2023-01-17,Central,Gizmo Lite,Customer 29,14,162.45,2274.24,1305.49,968.75
2023-01-17,Central,Widget A,Customer 12,16,26.86,429.84,277.87,151.97
2023-01-18,North,Gizmo Lite,Customer 26,16,156.06,2497.0,1501.89,995.11
2023-01-19,Central,Widget A,Customer 10,2,23.42,46.84,26.5,20.34
2023-01-19,North,Gizmo Lite,Customer 39,12,154.09,1849.06,1206.0,643.06
2023-01-19,North,Gizmo Lite,Customer 18,6,140.7,844.22,555.93,288.29
2023-01-19,South,Gadget Y,Customer 30,23,99.47,2287.92,1251.88,1036.04
2023-01-19,East,Widget A,Customer 4,2,26.6,53.21,26.68,26.53
2023-01-21,South,Gizmo Lite,Customer 2,4,159.66,638.62,401.86,236.76
2023-01-21,Central,Gizmo Pro,Customer 20,6,315.61,1893.63,1114.33,779.3
2023-01-22,North,Gizmo Lite,Customer 25,23,152.96,3518.01,2050.4,1467.61
2023-01-22,East,Gadget X,Customer 18,18,131.76,2371.74,1506.55,865.19
2023-01-24,North,Gadget Y,Customer 12,11,86.88,955.66,612.25,343.41
2023-01-24,West,Gizmo Pro,Customer 16,24,301.39,7233.35,4881.75,2351.6
2023-01-25,North,Widget A,Customer 4,7,23.77,166.36,98.16,68.2
2023-01-26,North,Gizmo Lite,Customer 40,21,153.94,3232.72,1998.92,1233.8
2023-01-26,East,Widget A,Customer 3,1,25.18,25.18,16.92,8.26
2023-01-26,Central,Gizmo Pro,Customer 21,16,285.15,4562.43,2685.29,1877.14
2023-01-27,West,Gadget X,Customer 39,17,121.66,2068.24,1393.16,675.08
2023-01-28,West,Gizmo Pro,Customer 4,22,286.65,6306.25,3508.31,2797.94
2023-01-29,North,Gizmo Lite,Customer 15,10,162.75,1627.52,932.93,694.59
2023-01-30,South,Widget B,Customer 13,11,41.13,452.45,249.74,202.71
2023-01-31,East,Gizmo Pro,Customer 9,15,311.03,4665.41,3035.43,1629.98
2023-01-31,West,Widget B,Customer 32,11,37.83,416.12,283.69,132.43
2023-02-04,South,Widget B,Customer 8,10,36.19,361.86,239.87,121.99
2023-02-04,Central,Gadget Y,Customer 25,13,94.9,1233.65,646.85,586.8
2023-02-05,North,Widget A,Customer 36,3,24.51,73.52,42.16,31.36
2023-02-06,Central,Widget A,Customer 35,19,26.13,496.47,337.31,159.16
2023-02-06,Central,Gizmo Lite,Customer 18,14,138.87,1944.21,1087.93,856.28
2023-02-06,Central,Widget A,Customer 31,3,27.4,82.2,42.34,39.86
2023-02-07,West,Gadget Y,Customer 5,13,93.53,1215.89,681.61,534.28
2023-02-08,North,Gizmo Lite,Customer 5,10,161.53,1615.31,919.04,696.27
2023-02-08,North,Widget B,Customer 39,14,40.4,565.55,332.72,232.83
2023-02-08,East,Widget A,Customer 36,20,24.92,498.35,329.51,168.84
2023-02-08,East,Gizmo Lite,Customer 30,22,149.31,3284.71,2056.29,1228.42
2023-02-09,North,Gizmo Lite,Customer 4,20,136.36,2727.19,1554.47,1172.72
2023-02-09,South,Gizmo Pro,Customer 35,3,285.64,856.93,517.29,339.64
2023-02-09,East,Gizmo Pro,Customer 33,6,301.28,1807.65,1217.69,589.96
2023-02-10,South,Widget B,Customer 23,23,36.17,831.87,422.0,409.87
2023-02-11,South,Gizmo Pro,Customer 10,10,312.58,3125.8,2177.88,947.92
2023-02-11,East,Gizmo Pro,Customer 35,24,301.95,7246.77,4668.98,2577.79
2023-02-11,South,Gizmo Lite,Customer 32,19,153.72,2920.74,1775.68,1145.06
2023-02-12,North,Gizmo Pro,Customer 12,14,271.09,3795.31,1969.34,1825.97
2023-02-12,North,Gizmo Lite,Customer 17,2,137.45,274.9,162.65,112.25
2023-02-13,Central,Widget A,Customer 15,4,23.4,93.58,54.13,39.45
2023-02-13,West,Gizmo Pro,Customer 17,7,285.32,1997.24,1040.91,956.33
2023-02-15,South,Widget A,Customer 17,8,23.8,190.39,119.34,71.05
2023-02-17,North,Widget B,Customer 10,20,40.63,812.64,408.69,403.95
2023-02-17,South,Gadget Y,Customer 25,8,89.23,713.86,492.77,221.09
2023-02-18,South,Gizmo Pro,Customer 32,4,282.63,1130.52,748.18,382.34
2023-02-20,South,Gadget Y,Customer 1,17,99.88,1698.01,864.93,833.08
2023-02-20,North,Gadget X,Customer 6,20,128.87,2577.43,1334.15,1243.28
2023-02-20,East,Gizmo Lite,Customer 22,22,142.51,3135.17,1591.94,1543.23
2023-02-21,East,Gizmo Pro,Customer 22,11,281.77,3099.52,1627.59,1471.93
2023-02-22,East,Widget A,Customer 29,15,23.33,349.9,176.04,173.86
2023-02-22,North,Widget A,Customer 4,12,23.74,284.85,179.18,105.67
2023-02-22,South,Gadget Y,Customer 3,13,93.22,1211.92,824.88,387.04
2023-02-22,South,Gizmo Lite,Customer 11,19,151.12,2871.24,1699.84,1171.4
2023-02-23,East,Gizmo Pro,Customer 33,8,316.2,2529.6,1373.99,1155.61
2023-02-23,North,Gadget Y,Customer 1,4,103.26,413.04,281.63,131.41
2023-02-24,North,Widget B,Customer 7,8,36.22,289.73,157.73,132.0
2023-02-25,Central,Gizmo Pro,Customer 16,14,325.2,4552.83,2522.89,2029.94
2023-02-26,West,Gadget X,Customer 19,18,124.24,2236.39,1488.75,747.64
2023-02-26,North,Gizmo Lite,Customer 23,7,148.14,1036.96,693.52,343.44
2023-02-26,West,Widget B,Customer 17,24,42.54,1020.9,513.24,507.66
2023-02-27,East,Widget B,Customer 32,17,41.65,708.05,442.2,265.85
2023-02-27,North,Gizmo Pro,Customer 21,16,301.66,4826.59,3371.82,1454.77
2023-02-27,West,Widget A,Customer 2,24,24.82,595.67,406.15,189.52
2023-02-28,East,Gizmo Pro,Customer 4,1,277.02,277.02,163.39,113.63
2023-02-28,West,Gizmo Pro,Customer 1,8,310.66,2485.31,1368.07,1117.24
2023-02-28,West,Widget B,Customer 39,15,43.1,646.45,358.78,287.67
2023-02-28,South,Widget A,Customer 14,12,23.24,278.9,194.48,84.42
2023-02-28,North,Gizmo Pro,Customer 2,12,313.46,3761.53,2441.8,1319.73
2023-03-01,North,Gizmo Lite,Customer 23,2,135.98,271.96,161.85,110.11
2023-03-02,South,Gadget Y,Customer 6,7,102.2,715.42,492.89,222.53
2023-03-06,South,Widget B,Customer 21,21,42.41,890.66,616.26,274.4
2023-03-06,Central,Widget A,Customer 24,15,23.42,351.37,205.77,145.6
2023-03-07,East,Widget A,Customer 8,14,24.13,337.8,200.83,136.97
2023-03-07,Central,Gadget Y,Customer 34,18,93.98,1691.59,1033.22,658.37
2023-03-07,South,Gadget Y,Customer 39,6,101.76,610.55,333.02,277.53
2023-03-08,West,Gadget Y,Customer 14,9,91.63,824.65,416.1,408.55
2023-03-09,Central,Gadget Y,Customer 29,21,95.66,2008.83,1349.44,659.39
2023-03-10,North,Widget A,Customer 13,2,23.34,46.68,25.65,21.03
2023-03-10,South,Widget A,Customer 21,4,27.23,108.92,71.48,37.44
2023-03-11,South,Gadget Y,Customer 13,17,101.31,1722.19,1091.73,630.46
2023-03-11,Central,Gadget Y,Customer 23,4,96.55,386.19,201.27,184.92
2023-03-11,Central,Gizmo Pro,Customer 4,15,296.92,4453.75,2870.06,1583.69
2023-03-12,North,Widget B,Customer 20,18,38.15,686.67,357.2,329.47
2023-03-12,North,Widget B,Customer 3,7,42.18,295.29,203.84,91.45
2023-03-16,Central,Gizmo Lite,Customer 30,24,156.69,3760.49,2497.61,1262.88
2023-03-16,South,Widget A,Customer 23,7,23.76,166.33,113.61,52.72
2023-03-17,South,Gadget Y,Customer 14,20,96.4,1927.91,1207.58,720.33
2023-03-19,South,Gadget Y,Customer 37,20,96.21,1924.29,1154.68,769.61
2023-03-19,South,Gadget X,Customer 9,15,123.07,1846.04,953.21,892.83
2023-03-20,West,Gadget X,Customer 23,2,114.57,229.13,160.26,68.87
2023-03-20,Central,Gizmo Pro,Customer 19,5,314.25,1571.23,946.58,624.65
2023-03-20,North,Gadget X,Customer 21,24,122.1,2930.45,1876.16,1054.29
2023-03-21,East,Gizmo Pro,Customer 15,4,326.33,1305.33,729.67,575.66
2023-03-22,Central,Gizmo Pro,Customer 4,6,277.75,1666.52,852.51,814.01
2023-03-23,West,Gizmo Lite,Customer 33,24,159.23,3821.55,2099.06,1722.49
2023-03-23,North,Gizmo Lite,Customer 29,4,163.56,654.25,423.68,230.57
2023-03-23,West,Gizmo Lite,Customer 13,12,135.19,1622.3,904.28,718.02
2023-03-24,Central,Gadget Y,Customer 37,17,98.55,1675.41,1003.17,672.24
2023-03-24,East,Widget B,Customer 40,17,40.0,680.08,448.11,231.97
2023-03-25,North,Gadget Y,Customer 16,5,93.13,465.66,279.65,186.01
2023-03-25,East,Gadget Y,Customer 22,8,95.04,760.33,470.7,289.63
2023-03-25,West,Gadget X,Customer 3,17,131.12,2229.0,1128.45,1100.55
2023-03-26,South,Widget B,Customer 8,9,39.83,358.44,192.17,166.27
2023-03-26,Central,Widget B,Customer 6,21,42.51,892.71,465.8,426.91
2023-03-26,Central,Widget A,Customer 6,23,24.01,552.33,356.9,195.43
2023-03-26,North,Gizmo Lite,Customer 3,10,154.85,1548.54,1027.27,521.27
2023-03-27,South,Gizmo Lite,Customer 6,17,153.71,2612.99,1339.47,1273.52
2023-03-27,West,Widget B,Customer 12,21,42.2,886.14,542.7,343.44
2023-03-27,North,Widget A,Customer 10,8,22.55,180.39,101.97,78.42
2023-03-29,Central,Widget A,Customer 3,14,22.56,315.8,183.72,132.08
2023-03-29,North,Gadget X,Customer 6,1,110.93,110.93,58.24,52.69
2023-03-29,South,Gizmo Lite,Customer 37,1,150.25,150.25,84.07,66.18
2023-03-30,West,Gizmo Pro,Customer 35,9,288.0,2591.96,1681.25,910.71
2023-03-31,North,Gizmo Lite,Customer 8,24,147.16,3531.9,2130.64,1401.26
2023-03-31,East,Widget B,Customer 12,2,36.13,72.26,50.06,22.2
2023-04-02,East,Gadget X,Customer 32,15,117.93,1768.92,1115.47,653.45
2023-04-02,Central,Gadget X,Customer 13,11,113.73,1251.01,858.22,392.79
2023-04-03,North,Gadget Y,Customer 38,14,104.47,1462.55,889.63,572.92
2023-04-03,South,Gadget Y,Customer 27,15,88.62,1329.32,798.58,530.74
2023-04-04,Central,Gadget Y,Customer 5,12,85.83,1029.91,672.19,357.72
2023-04-05,South,Gadget Y,Customer 40,4,92.07,368.27,250.19,118.08
2023-04-05,North,Widget B,Customer 34,22,42.18,927.93,560.5,367.43
2023-04-06,East,Widget A,Customer 23,24,26.7,640.72,320.85,319.87
2023-04-06,South,Gizmo Lite,Customer 32,5,142.16,710.79,452.04,258.75
2023-04-06,North,Gadget X,Customer 2,17,116.96,1988.28,1245.45,742.83
2023-04-07,South,Gadget Y,Customer 14,5,86.8,433.99,285.02,148.97
2023-04-07,South,Gadget X,Customer 6,7,123.76,866.34,575.61,290.73
2023-04-08,Central,Gadget X,Customer 40,23,117.71,2707.28,1663.58,1043.7
2023-04-08,Central,Gadget X,Customer 39,22,114.97,2529.43,1662.83,866.6
2023-04-09,Central,Gizmo Lite,Customer 24,19,141.04,2679.75,1551.65,1128.1
2023-04-09,East,Gizmo Pro,Customer 29,11,283.25,3115.71,1609.19,1506.52
2023-04-10,North,Widget B,Customer 19,1,40.32,40.32,25.68,14.64
2023-04-11,East,Widget B,Customer 33,8,41.01,328.05,167.6,160.45
2023-04-11,East,Gadget Y,Customer 29,20,97.96,1959.17,1311.87,647.3
2023-04-11,North,Widget A,Customer 23,11,25.8,283.75,187.4,96.35
2023-04-12,East,Gizmo Lite,Customer 24,23,146.6,3371.71,2030.63,1341.08
2023-04-12,North,Gadget X,Customer 13,13,108.62,1412.02,786.37,625.65
2023-04-13,East,Widget B,Customer 37,2,38.89,77.79,45.22,32.57
2023-04-13,North,Widget B,Customer 15,2,36.33,72.66,46.07,26.59
2023-04-13,West,Gadget X,Customer 8,21,111.74,2346.63,1246.53,1100.1
2023-04-14,North,Gizmo Pro,Customer 29,18,305.29,5495.2,2899.58,2595.62
2023-04-14,South,Widget B,Customer 14,4,39.26,157.03,80.59,76.44
2023-04-14,South,Gadget X,Customer 34,18,131.92,2374.64,1391.7,982.94
2023-04-14,West,Widget B,Customer 20,16,36.72,587.45,342.83,244.62
2023-04-15,East,Widget B,Customer 12,22,42.91,943.99,536.37,407.62
2023-04-15,South,Widget B,Customer 12,10,42.86,428.56,249.86,178.7
2023-04-16,West,Gadget X,Customer 8,10,109.96,1099.6,597.68,501.92
2023-04-16,East,Gizmo Pro,Customer 18,12,326.37,3916.44,2659.13,1257.31
2023-04-16,North,Gadget Y,Customer 6,16,89.92,1438.72,935.24,503.48
2023-04-16,North,Widget A,Customer 32,4,24.12,96.49,52.76,43.73
2023-04-17,West,Gizmo Lite,Customer 11,7,138.76,971.35,635.8,335.55
2023-04-17,West,Gadget X,Customer 12,24,129.83,3116.01,2088.84,1027.17
2023-04-19,Central,Gizmo Lite,Customer 13,17,162.29,2758.89,1382.86,1376.03
2023-04-19,Central,Gadget X,Customer 26,15,129.8,1947.04,1155.79,791.25
2023-04-20,Central,Widget B,Customer 39,10,38.43,384.28,222.77,161.51
2023-04-20,West,Widget B,Customer 32,10,40.61,406.14,212.75,193.39
2023-04-20,North,Gadget Y,Customer 27,12,97.19,1166.3,679.24,487.06
2023-04-21,North,Widget B,Customer 16,8,37.97,303.79,196.03,107.76
2023-04-22,West,Gadget Y,Customer 25,16,93.54,1496.57,986.41,510.16
2023-04-23,South,Gizmo Lite,Customer 4,1,145.03,145.03,74.71,70.32
2023-04-23,East,Gizmo Lite,Customer 25,14,136.6,1912.41,1130.14,782.27
2023-04-23,North,Gizmo Pro,Customer 11,5,291.18,1455.89,908.85,547.04
2023-04-23,North,Gadget Y,Customer 26,15,93.15,1397.19,945.78,451.41
2023-04-23,South,Gadget Y,Customer 30,17,103.52,1759.77,1051.2,708.57
2023-04-25,Central,Widget A,Customer 19,5,24.22,121.08,61.0,60.08
2023-04-26,West,Widget A,Customer 20,9,25.23,227.05,118.32,108.73
2023-04-27,Central,Widget A,Customer 36,11,24.4,268.4,144.78,123.62
2023-04-27,East,Gizmo Lite,Customer 40,11,142.21,1564.27,920.97,643.3
2023-04-27,East,Gizmo Lite,Customer 12,22,138.92,3056.23,2011.31,1044.92
2023-04-27,East,Widget B,Customer 34,3,36.41,109.23,59.7,49.53
2023-04-28,South,Widget A,Customer 26,23,25.25,580.72,342.9,237.82
2023-04-28,West,Widget A,Customer 24,7,25.06,175.41,93.52,81.89
2023-05-02,North,Widget B,Customer 37,3,43.11,129.32,80.25,49.07
2023-05-02,West,Widget A,Customer 12,9,25.22,226.98,142.37,84.61
2023-05-04,East,Widget B,Customer 4,8,43.54,348.33,228.87,119.46
2023-05-06,North,Widget A,Customer 10,19,23.69,450.06,252.02,198.04
2023-05-07,North,Gizmo Lite,Customer 28,24,153.49,3683.74,2252.15,1431.59
2023-05-07,North,Gadget Y,Customer 31,9,93.56,842.03,545.04,296.99
2023-05-08,South,Gizmo Pro,Customer 31,14,322.57,4515.93,2508.83,2007.1
2023-05-08,East,Widget B,Customer 39,15,40.3,604.45,391.35,213.1
2023-05-08,Central,Widget A,Customer 19,11,26.69,293.64,147.49,146.15
2023-05-08,North,Gadget X,Customer 23,17,118.6,2016.23,1405.0,611.23
2023-05-09,South,Gizmo Pro,Customer 37,20,292.31,5846.2,2953.31,2892.89
2023-05-09,North,Widget B,Customer 16,16,39.6,633.64,411.73,221.91
2023-05-10,North,Gizmo Lite,Customer 20,18,154.23,2776.12,1844.72,931.4
2023-05-11,West,Gizmo Pro,Customer 24,17,297.84,5063.21,3515.9,1547.31
2023-05-11,North,Gadget X,Customer 6,23,114.85,2641.54,1630.26,1011.28
2023-05-12,East,Widget B,Customer 27,11,41.95,461.47,296.36,165.11
2023-05-12,East,Widget B,Customer 25,3,41.68,125.03,74.57,50.46
2023-05-13,South,Widget A,Customer 8,16,24.34,389.52,261.34,128.18
2023-05-13,South,Gizmo Pro,Customer 15,12,298.6,3583.22,2074.23,1508.99
2023-05-13,North,Gadget X,Customer 12,1,114.06,114.06,65.23,48.83
2023-05-13,South,Widget B,Customer 29,16,41.66,666.62,428.46,238.16
2023-05-14,East,Widget A,Customer 14,11,23.06,253.71,157.12,96.59
2023-05-15,Central,Gadget Y,Customer 34,1,86.71,86.71,48.75,37.96
2023-05-15,Central,Gadget Y,Customer 38,5,102.71,513.53,342.56,170.97
2023-05-16,North,Gadget Y,Customer 33,7,100.75,705.24,433.31,271.93
2023-05-17,North,Widget B,Customer 23,18,41.96,755.29,385.94,369.35
2023-05-17,West,Gadget Y,Customer 22,19,89.34,1697.45,886.09,811.36
2023-05-17,Central,Gizmo Pro,Customer 10,18,279.92,5038.52,3224.91,1813.61
2023-05-17,West,Gadget Y,Customer 4,4,102.74,410.95,282.98,127.97
2023-05-18,West,Gizmo Lite,Customer 12,15,143.51,2152.6,1198.52,954.08
2023-05-18,Central,Widget B,Customer 17,20,39.67,793.46,552.25,241.21
2023-05-18,North,Gadget X,Customer 38,17,129.75,2205.67,1220.47,985.2
2023-05-19,North,Gadget Y,Customer 20,21,96.74,2031.45,1307.93,723.52
2023-05-20,West,Gizmo Lite,Customer 8,8,162.67,1301.37,831.74,469.63
2023-05-20,Central,Widget A,Customer 25,2,23.42,46.85,26.63,20.22
2023-05-20,North,Widget B,Customer 23,21,41.94,880.75,453.87,426.88
2023-05-21,South,Gadget X,Customer 19,17,108.88,1850.91,1100.21,750.7
2023-05-21,Central,Gadget Y,Customer 14,8,93.24,745.93,520.15,225.78
2023-05-21,South,Widget A,Customer 36,8,23.66,189.3,118.72,70.58
2023-05-21,South,Gadget X,Customer 39,14,116.42,1629.84,1065.0,564.84
2023-05-21,South,Widget B,Customer 14,4,38.05,152.22,84.78,67.44
2023-05-23,East,Widget A,Customer 24,13,26.05,338.71,235.29,103.42
2023-05-23,East,Gizmo Pro,Customer 3,16,314.23,5027.62,3434.12,1593.5
2023-05-24,West,Gadget X,Customer 7,16,128.71,2059.39,1394.66,664.73
2023-05-24,Central,Gadget Y,Customer 32,19,97.39,1850.36,1136.72,713.64
2023-05-25,South,Widget A,Customer 28,2,26.79,53.58,26.89,26.69
2023-05-26,North,Gizmo Lite,Customer 34,15,157.36,2360.45,1384.01,976.44
2023-05-26,East,Widget B,Customer 36,9,38.19,343.73,209.96,133.77
2023-05-26,Central,Widget A,Customer 11,21,26.25,551.21,318.93,232.28
2023-05-27,South,Gadget X,Customer 5,13,131.32,1707.12,928.93,778.19
2023-05-28,North,Gadget Y,Customer 17,13,88.44,1149.7,718.18,431.52
2023-05-29,West,Gizmo Lite,Customer 8,10,155.01,1550.08,910.02,640.06
2023-05-29,North,Gadget X,Customer 40,2,122.45,244.89,150.97,93.92
2023-05-29,West,Gizmo Lite,Customer 1,4,137.56,550.24,279.85,270.39
2023-05-29,Central,Gadget X,Customer 39,17,123.68,2102.58,1132.16,970.42
2023-05-30,West,Gizmo Pro,Customer 40,17,306.41,5208.98,3522.28,1686.7
2023-05-30,North,Gadget Y,Customer 36,22,95.48,2100.65,1343.51,757.14
2023-05-31,South,Widget B,Customer 5,23,37.21,855.85,453.92,401.93
2023-05-31,North,Gadget Y,Customer 33,14,90.65,1269.03,697.35,571.68
2023-06-01,South,Widget A,Customer 24,20,22.92,458.41,244.02,214.39
2023-06-01,North,Widget A,Customer 18,10,23.33,233.31,159.42,73.89
2023-06-02,East,Gadget Y,Customer 23,21,85.71,1799.89,949.22,850.67
2023-06-02,West,Gizmo Lite,Customer 32,23,163.58,3762.44,2127.09,1635.35
2023-06-04,West,Widget A,Customer 35,19,22.65,430.35,292.41,137.94
2023-06-04,West,Widget B,Customer 23,11,37.34,410.73,246.47,164.26
2023-06-04,South,Gizmo Lite,Customer 21,12,159.43,1913.18,1063.86,849.32
2023-06-05,East,Widget A,Customer 23,0,26.95,0.0,108.33,-108.33
2023-06-05,South,Gizmo Pro,Customer 18,15,286.95,4304.3,2392.34,1911.96
2023-06-06,North,Widget A,Customer 37,23,23.22,533.96,288.82,245.14
2023-06-07,West,Gizmo Lite,Customer 6,19,137.69,2616.2,1442.48,1173.72
2023-06-08,South,Gadget Y,Customer 38,23,86.44,1988.04,1147.61,840.43
2023-06-10,East,Gadget Y,Customer 38,20,98.97,1979.32,1003.97,975.35
2023-06-10,West,Gizmo Pro,Customer 20,3,328.04,984.11,632.81,351.3
2023-06-10,South,Gadget X,Customer 22,18,123.92,2230.65,1194.75,1035.9
2023-06-11,South,Gadget Y,Customer 18,3,91.5,274.49,172.65,101.84
2023-06-12,South,Gizmo Lite,Customer 5,18,146.62,2639.11,1733.58,905.53
2023-06-12,East,Widget B,Customer 30,13,39.74,516.6,269.33,247.27
2023-06-13,South,Widget B,Customer 14,5,36.56,182.8,105.85,76.95
2023-06-13,South,Widget A,Customer 11,21,26.72,561.16,291.59,269.57
2023-06-14,South,Gizmo Lite,Customer 7,9,137.58,1238.25,757.6,480.65
2023-06-14,North,Widget B,Customer 22,8,36.72,293.74,203.36,90.38
2023-06-15,East,Gadget Y,Customer 30,23,95.45,2195.31,1403.96,791.35
2023-06-15,North,Gizmo Pro,Customer 30,19,287.56,5463.63,3327.82,2135.81
2023-06-16,West,Widget A,Customer 19,5,26.16,130.81,71.5,59.31
2023-06-16,North,Widget A,Customer 14,18,24.43,439.69,221.25,218.44
2023-06-17,North,Widget A,Customer 5,16,26.81,429.01,229.89,199.12
2023-06-18,East,Widget B,Customer 14,4,37.86,151.43,102.41,49.02
2023-06-18,North,Widget A,Customer 7,16,25.41,406.54,235.91,170.63
2023-06-18,West,Widget A,Customer 17,3,24.01,72.04,43.69,28.35
2023-06-18,East,Gadget X,Customer 32,18,130.18,2343.2,1556.04,787.16
2023-06-20,Central,Gizmo Lite,Customer 21,20,144.04,2880.71,1583.8,1296.91
2023-06-20,Central,Gizmo Pro,Customer 30,6,326.59,1959.54,1072.71,886.83
2023-06-20,North,Gizmo Pro,Customer 9,17,285.17,4847.89,2489.18,2358.71
2023-06-20,North,Gizmo Pro,Customer 32,7,287.39,2011.7,1070.72,940.98
2023-06-22,West,Gadget Y,Customer 14,12,96.08,1152.96,782.14,370.82
2023-06-22,Central,Widget A,Customer 19,15,24.75,371.24,201.84,169.4
2023-06-23,North,Gadget Y,Customer 31,11,88.22,970.4,487.92,482.48
2023-06-24,West,Widget A,Customer 19,3,25.98,77.95,49.92,28.03
2023-06-24,Central,Gizmo Lite,Customer 23,16,144.96,2319.36,1467.13,852.23
2023-06-24,South,Widget A,Customer 17,3,24.91,74.74,44.94,29.8
2023-06-25,North,Gizmo Lite,Customer 24,8,141.21,1129.69,687.75,441.94
2023-06-26,Central,Widget B,Customer 26,4,40.13,160.53,89.4,71.13
2023-06-26,East,Widget A,Customer 21,9,22.89,205.99,137.14,68.85
2023-06-26,East,Gadget Y,Customer 11,2,87.72,175.44,92.25,83.19
2023-06-27,North,Gizmo Pro,Customer 11,24,281.2,6748.88,3501.37,3247.51
2023-06-29,East,Gizmo Pro,Customer 29,3,299.06,897.19,573.09,324.1
2023-07-01,Central,Widget A,Customer 19,1,23.84,23.84,12.87,10.97
2023-07-01,East,Widget B,Customer 30,20,38.21,764.15,499.54,264.61
2023-07-02,North,Widget B,Customer 25,13,39.43,512.53,321.05,191.48
2023-07-03,East,Widget B,Customer 23,12,40.26,483.1,253.7,229.4
2023-07-04,West,Widget B,Customer 33,16,43.85,701.6,404.35,297.25
2023-07-05,East,Gadget Y,Customer 30,19,100.64,1912.17,1086.48,825.69
2023-07-05,Central,Gizmo Lite,Customer 6,7,163.05,1141.33,716.09,425.24
2023-07-06,South,Widget B,Customer 2,24,40.51,972.33,651.57,320.76
2023-07-06,North,Gizmo Lite,Customer 4,13,141.6,1840.83,1111.23,729.6
2023-07-07,West,Gadget Y,Customer 37,15,86.72,1300.74,864.93,435.81
2023-07-07,South,Gadget Y,Customer 24,4,85.75,343.02,190.91,152.11
2023-07-09,South,Gizmo Lite,Customer 28,18,155.17,2793.09,1491.44,1301.65
2023-07-09,South,Gizmo Lite,Customer 38,4,137.11,548.45,313.16,235.29
2023-07-09,North,Gizmo Lite,Customer 3,5,153.23,766.13,409.19,356.94
2023-07-11,North,Widget B,Customer 12,20,42.53,850.52,526.87,323.65
2023-07-11,West,Gadget X,Customer 2,24,108.17,2596.08,1651.24,944.84
2023-07-12,South,Gizmo Pro,Customer 1,17,299.34,5088.82,3419.24,1669.58
2023-07-12,North,Widget A,Customer 25,3,25.3,75.91,47.5,28.41
2023-07-13,North,Gizmo Lite,Customer 6,12,140.45,1685.42,1093.19,592.23
2023-07-13,East,Widget B,Customer 5,6,43.74,262.46,168.55,93.91
2023-07-13,East,Gizmo Lite,Customer 8,24,164.06,3937.45,2175.32,1762.13
2023-07-14,East,Widget B,Customer 19,21,37.35,784.38,435.89,348.49
2023-07-15,East,Widget A,Customer 4,19,23.02,437.36,244.52,192.84
2023-07-15,North,Widget B,Customer 16,7,36.53,255.73,178.94,76.79
2023-07-17,West,Gizmo Lite,Customer 33,23,163.52,3761.06,2038.42,1722.64
2023-07-17,South,Widget A,Customer 9,6,25.98,155.87,104.69,51.18
2023-07-18,South,Widget B,Customer 14,5,43.85,219.25,120.87,98.38
2023-07-18,South,Widget A,Customer 24,8,25.81,206.45,104.81,101.64
2023-07-20,East,Widget A,Customer 34,16,22.64,362.23,226.86,135.37
2023-07-20,East,Widget A,Customer 39,10,27.47,274.73,174.68,100.05
2023-07-20,Central,Gizmo Pro,Customer 17,13,328.24,4267.18,2793.76,1473.42
2023-07-20,Central,Gadget Y,Customer 35,17,86.73,1474.39,1019.05,455.34
2023-07-21,West,Gizmo Lite,Customer 27,13,136.47,1774.17,954.88,819.29
2023-07-22,South,Gizmo Lite,Customer 25,22,151.19,3326.11,2147.3,1178.81
2023-07-23,North,Gadget X,Customer 3,18,116.63,2099.43,1220.11,879.32
2023-07-23,North,Gizmo Lite,Customer 9,15,161.4,34560.05825391911,1524.55,33035.51
2023-07-24,North,Gizmo Lite,Customer 3,21,163.03,3423.68,1853.26,1570.42
2023-07-24,East,Gizmo Pro,Customer 5,10,311.1,3111.0,1995.86,1115.14
2023-07-25,South,Widget B,Customer 40,4,38.49,153.97,93.0,60.97
2023-07-26,South,Gadget Y,Customer 30,21,99.32,2085.64,1352.62,733.02
2023-07-26,South,Widget A,Customer 6,23,23.35,536.94,310.33,226.61
2023-07-26,West,Gizmo Lite,Customer 2,11,141.39,1555.28,820.06,735.22
2023-07-27,East,Gizmo Pro,Customer 2,22,314.21,6912.61,4149.0,2763.61
2023-07-27,South,Widget A,Customer 17,22,23.55,518.0,267.77,250.23
2023-07-28,Central,Gizmo Lite,Customer 8,22,151.87,3341.12,2310.47,1030.65
2023-07-28,North,Gadget X,Customer 5,23,123.9,2849.74,1885.23,964.51
2023-07-29,Central,Widget A,Customer 12,8,27.19,217.56,128.48,89.08
2023-07-30,North,Widget B,Customer 27,19,40.14,762.74,382.51,380.23
2023-07-30,West,Widget A,Customer 11,2,26.61,53.22,31.5,21.72
2023-08-01,West,Gizmo Pro,Customer 24,4,289.92,1159.68,752.5,407.18
2023-08-01,West,Gadget Y,Customer 28,14,90.04,1260.52,744.02,516.5
2023-08-02,Central,Widget A,Customer 2,12,22.68,272.16,186.53,85.63
2023-08-03,North,Gadget Y,Customer 25,9,88.87,799.86,546.33,253.53
2023-08-03,East,Gadget X,Customer 18,15,111.43,1671.48,1090.31,581.17
2023-08-04,West,Gizmo Lite,Customer 34,18,164.19,2955.47,1820.64,1134.83
2023-08-06,North,Gizmo Lite,Customer 16,7,144.69,1012.86,616.65,396.21
2023-08-06,South,Gizmo Lite,Customer 18,17,159.93,2718.75,1829.51,889.24
2023-08-07,East,Gizmo Lite,Customer 23,20,148.58,2971.69,1651.48,1320.21
2023-08-07,North,Gizmo Lite,Customer 20,9,137.76,10571.559911672937,768.48,9803.08
2023-08-08,North,Widget A,Customer 15,10,23.37,233.74,133.74,100.0
2023-08-09,West,Gadget Y,Customer 10,6,102.77,616.61,405.14,211.47
2023-08-09,Central,Widget B,Customer 9,15,36.53,547.88,334.14,213.74
2023-08-10,South,Widget B,Customer 7,1,38.58,38.58,26.91,11.67
2023-08-11,West,Gizmo Lite,Customer 24,24,137.48,3299.57,1969.54,1330.03
2023-08-11,East,Widget A,Customer 38,21,25.96,545.21,319.49,225.72
2023-08-11,Central,Gizmo Pro,Customer 30,14,290.12,4061.63,2085.25,1976.38
2023-08-12,West,Gadget X,Customer 9,22,123.34,2713.45,1541.76,1171.69
2023-08-13,East,Gizmo Lite,Customer 2,21,149.68,3143.36,2191.33,952.03
2023-08-15,West,Gizmo Pro,Customer 14,4,322.27,1289.09,842.05,447.04
2023-08-16,South,Gadget X,Customer 7,19,112.44,2136.45,1142.62,993.83
2023-08-16,East,Gadget Y,Customer 15,8,88.35,706.79,385.8,320.99
2023-08-16,North,Gadget Y,Customer 18,11,88.15,969.6,588.05,381.55
2023-08-17,South,Gadget X,Customer 20,18,111.99,2015.81,1095.31,920.5
2023-08-17,East,Gizmo Pro,Customer 26,14,308.68,4321.59,2359.44,1962.15
2023-08-17,North,Gizmo Lite,Customer 34,8,163.12,1305.0,833.09,471.91
2023-08-18,North,Widget A,Customer 11,10,25.24,252.45,135.78,116.67
2023-08-18,South,Gizmo Lite,Customer 8,2,145.5,291.0,183.05,107.95
2023-08-19,Central,Widget B,Customer 40,9,39.67,356.99,245.97,111.02
2023-08-19,West,Gizmo Lite,Customer 22,23,160.5,3691.59,2059.28,1632.31
2023-08-20,North,Gadget X,Customer 14,16,109.08,1745.23,1089.91,655.32
2023-08-20,East,Gadget X,Customer 34,8,129.48,1035.86,649.83,386.03
2023-08-20,East,Gadget Y,Customer 7,11,102.75,1130.22,790.38,339.84
2023-08-21,North,Widget B,Customer 19,15,39.36,590.38,353.86,236.52
2023-08-23,North,Gadget X,Customer 16,5,128.75,643.73,397.43,246.3
2023-08-23,Central,Widget A,Customer 39,4,26.14,104.55,54.68,49.87
2023-08-23,West,Gadget X,Customer 14,10,123.23,1232.31,759.63,472.68
2023-08-24,East,Gizmo Pro,Customer 31,13,327.86,4262.2,2270.67,1991.53
2023-08-24,West,Gizmo Pro,Customer 33,0,320.97,0.0,2928.39,-2928.39
2023-08-25,South,Gizmo Pro,Customer 17,7,276.61,1936.26,1118.97,817.29
2023-08-26,East,Gadget Y,Customer 29,18,102.09,1837.69,940.81,896.88
2023-08-26,North,Gadget X,Customer 35,9,127.8,1150.24,728.4,421.84
2023-08-26,East,Widget B,Customer 20,6,42.35,254.08,143.14,110.94
2023-08-27,North,Widget A,Customer 29,7,23.21,162.5,103.74,58.76
2023-08-27,East,Widget B,Customer 10,24,37.24,893.76,565.65,328.11
2023-08-30,Central,Widget A,Customer 12,22,26.04,572.94,340.74,232.2
2023-08-31,West,Gizmo Lite,Customer 37,2,155.75,311.51,197.76,113.75
2023-08-31,North,Gizmo Pro,Customer 36,24,276.72,6641.34,3849.13,2792.21
2023-09-03,East,Gizmo Lite,Customer 23,10,156.91,1569.15,827.05,742.1
2023-09-03,West,Gizmo Pro,Customer 10,23,278.23,6399.21,3884.72,2514.49
2023-09-03,South,Gizmo Pro,Customer 26,3,285.37,856.12,532.77,323.35
2023-09-04,West,Gadget Y,Customer 26,14,103.77,1452.77,855.64,597.13
2023-09-06,East,Gizmo Pro,Customer 26,19,285.62,5426.86,3623.41,1803.45
2023-09-07,North,Gizmo Lite,Customer 25,21,152.51,3202.67,1851.22,1351.45
2023-09-07,West,Gadget Y,Customer 11,8,101.97,815.76,553.73,262.03
2023-09-07,West,Widget A,Customer 27,14,22.76,318.58,175.7,142.88
2023-09-08,South,Widget A,Customer 12,24,24.6,590.3,308.53,281.77
2023-09-08,North,Widget B,Customer 7,1,37.85,37.85,24.27,13.58
2023-09-08,West,Widget B,Customer 18,6,43.7,262.18,136.83,125.35
2023-09-09,South,Widget B,Customer 6,18,40.77,733.84,475.47,258.37
2023-09-10,Central,Gizmo Lite,Customer 14,23,150.94,3471.57,2236.05,1235.52
2023-09-10,South,Widget A,Customer 3,18,25.28,455.11,312.77,142.34
2023-09-10,Central,Gadget Y,Customer 31,14,88.14,1234.03,838.71,395.32
2023-09-10,South,Widget A,Customer 27,10,22.73,227.33,157.94,69.39
2023-09-10,West,Gadget X,Customer 1,14,112.12,1569.68,1038.45,531.23
2023-09-11,East,Gizmo Lite,Customer 17,13,158.48,2060.21,1053.24,1006.97
2023-09-13,North,Widget A,Customer 13,1,22.78,22.78,12.55,10.23
2023-09-16,East,Widget A,Customer 1,5,23.52,117.62,76.26,41.36
2023-09-17,South,Gadget Y,Customer 22,22,96.51,2123.33,1254.0,869.33
2023-09-17,East,Gadget X,Customer 15,6,131.79,790.72,513.53,277.19
2023-09-18,South,Gizmo Lite,Customer 9,2,160.83,4166.940561360533,174.95,3991.99
2023-09-18,East,Gizmo Lite,Customer 32,8,142.95,1143.61,576.6,567.01
2023-09-19,West,Gizmo Pro,Customer 3,17,312.07,5305.19,3424.03,1881.16
2023-09-19,West,Gadget X,Customer 12,13,121.59,1580.66,792.31,788.35
2023-09-19,Central,Widget B,Customer 17,12,40.83,489.99,333.92,156.07
2023-09-21,North,Gizmo Lite,Customer 32,24,159.21,3820.93,2646.11,1174.82
2023-09-22,East,Gizmo Lite,Customer 22,22,159.67,3512.67,2285.24,1227.43
2023-09-24,East,Gizmo Lite,Customer 14,10,157.78,1577.8,946.82,630.98
2023-09-24,North,Gadget X,Customer 2,24,131.16,3147.8,1746.11,1401.69
2023-09-24,East,Gadget X,Customer 34,4,120.41,481.64,252.1,229.54
2023-09-24,East,Gadget Y,Customer 9,2,95.54,191.09,108.33,82.76
2023-09-25,North,Widget B,Customer 26,15,36.35,545.3,336.81,208.49
2023-09-25,West,Gadget Y,Customer 5,17,88.05,1496.79,757.01,739.78
2023-09-25,East,Gadget X,Customer 36,20,121.18,2423.68,1662.54,761.14
2023-09-26,East,Gadget Y,Customer 10,7,99.09,693.64,384.44,309.2
2023-09-26,West,Gizmo Lite,Customer 4,11,162.92,1792.11,1138.39,653.72
2023-09-27,South,Gadget X,Customer 5,17,110.36,1876.12,1106.64,769.48
2023-09-27,West,Gadget Y,Customer 24,19,98.92,1879.44,1140.55,738.89
2023-09-27,West,Gizmo Lite,Customer 23,8,160.34,1282.69,833.06,449.63
2023-09-28,East,Gizmo Pro,Customer 12,20,284.92,5698.47,2866.9,2831.57
2023-09-29,East,Gizmo Pro,Customer 22,23,272.86,6275.85,3848.4,2427.45
2023-10-02,North,Widget A,Customer 13,13,24.09,313.12,204.55,108.57
2023-10-03,Central,Gizmo Pro,Customer 9,23,326.13,7501.02,5119.01,2382.01
2023-10-04,North,Widget B,Customer 33,21,39.36,826.58,562.96,263.62
2023-10-04,East,Gadget Y,Customer 20,10,100.29,1002.88,690.23,312.65
2023-10-05,West,Gadget X,Customer 35,17,111.93,1902.76,1166.62,736.14
2023-10-06,South,Gizmo Lite,Customer 5,20,162.81,3256.2,1979.74,1276.46
2023-10-06,West,Widget A,Customer 30,17,25.17,427.92,256.46,171.46
2023-10-07,Central,Gizmo Pro,Customer 34,11,282.44,3106.82,2039.56,1067.26
2023-10-08,North,Widget A,Customer 23,10,25.43,254.29,158.92,95.37
2023-10-10,South,Gadget Y,Customer 13,9,91.29,821.62,437.87,383.75
2023-10-11,Central,Gizmo Pro,Customer 36,22,283.66,6240.63,4323.54,1917.09
2023-10-11,North,Gizmo Pro,Customer 37,12,298.48,3581.73,2395.58,1186.15
2023-10-12,South,Widget A,Customer 24,11,25.05,275.58,144.4,131.18
2023-10-13,Central,Widget B,Customer 29,14,42.62,596.69,318.72,277.97
2023-10-13,North,Gizmo Lite,Customer 3,13,136.03,1768.42,1108.77,659.65
2023-10-14,North,Widget B,Customer 20,7,40.71,284.98,185.33,99.65
2023-10-14,Central,Widget B,Customer 12,13,41.32,537.16,287.42,249.74
2023-10-15,North,Gadget X,Customer 20,2,109.84,219.68,139.01,80.67
2023-10-16,West,Gadget X,Customer 37,3,111.36,334.08,194.82,139.26
2023-10-17,South,Gizmo Lite,Customer 27,22,144.64,3182.19,1894.32,1287.87
2023-10-18,North,Gizmo Pro,Customer 19,14,301.38,4219.37,2412.49,1806.88
2023-10-18,South,Gadget Y,Customer 13,6,101.73,610.37,311.23,299.14
2023-10-18,Central,Widget B,Customer 17,16,38.05,608.85,396.01,212.84
2023-10-19,East,Gadget X,Customer 27,14,111.56,1561.85,834.68,727.17
2023-10-20,North,Gadget X,Customer 29,6,113.08,678.49,344.88,333.61
2023-10-20,North,Gadget X,Customer 22,4,131.9,527.62,348.29,179.33
2023-10-20,Central,Gizmo Pro,Customer 1,23,283.48,6520.09,3494.78,3025.31
2023-10-21,West,Widget B,Customer 35,19,42.29,803.51,434.11,369.4
2023-10-21,South,Widget A,Customer 15,14,27.08,379.11,243.99,135.12
2023-10-22,West,Widget A,Customer 15,18,26.83,482.94,242.43,240.51
2023-10-22,South,Gadget X,Customer 12,3,122.95,368.85,231.02,137.83
2023-10-23,South,Widget B,Customer 3,1,41.38,41.38,21.36,20.02
2023-10-23,West,Gizmo Lite,Customer 38,3,154.17,462.51,319.46,143.05
2023-10-23,South,Gadget Y,Customer 39,8,96.26,770.09,458.37,311.72
2023-10-23,North,Gadget X,Customer 8,24,111.11,2666.7,1470.13,1196.57
2023-10-23,West,Gadget Y,Customer 29,8,101.23,809.85,526.48,283.37
2023-10-23,West,Gadget X,Customer 23,1,110.72,110.72,77.17,33.55
2023-10-24,West,Gizmo Pro,Customer 18,16,296.9,4750.41,2840.02,1910.39
2023-10-25,Central,Gizmo Pro,Customer 12,5,284.34,1421.72,926.4,495.32
2023-10-27,North,Widget B,Customer 9,10,40.04,400.37,209.58,190.79
2023-10-29,North,Gadget X,Customer 24,1,111.1,111.1,57.76,53.34
2023-10-30,North,Widget B,Customer 39,17,38.22,649.67,333.38,316.29
2023-10-31,South,Widget B,Customer 38,19,39.95,759.01,422.51,336.5
2023-10-31,North,Gadget Y,Customer 32,6,96.69,580.12,333.61,246.51
2023-11-02,East,Gizmo Lite,Customer 15,19,162.12,3080.37,1754.74,1325.63
2023-11-03,East,Widget B,Customer 11,23,40.97,942.25,537.53,404.72
2023-11-04,East,Gizmo Lite,Customer 23,7,164.3,1150.08,723.54,426.54
2023-11-05,West,Gizmo Pro,Customer 20,16,281.15,4498.35,2325.62,2172.73
2023-11-06,North,Widget B,Customer 18,19,42.87,814.54,509.72,304.82
2023-11-06,South,Gadget Y,Customer 25,8,87.24,697.91,453.17,244.74
2023-11-06,Central,Widget A,Customer 3,23,26.01,598.25,343.6,254.65
2023-11-07,North,Widget B,Customer 31,12,42.29,507.5,278.49,229.01
2023-11-11,Central,Gizmo Pro,Customer 33,21,276.11,5798.25,3076.39,2721.86
2023-11-13,South,Widget A,Customer 24,20,23.06,461.26,268.25,193.01
2023-11-13,North,Gizmo Lite,Customer 3,6,139.79,838.73,569.71,269.02
2023-11-13,West,Gizmo Lite,Customer 9,6,153.5,920.99,573.4,347.59
2023-11-14,South,Gizmo Lite,Customer 9,24,137.61,3302.71,2058.95,1243.76
2023-11-14,East,Gizmo Lite,Customer 25,3,141.91,425.74,271.21,154.53
2023-11-14,North,Widget A,Customer 19,22,24.16,531.57,271.8,259.77
2023-11-16,South,Gadget Y,Customer 2,9,90.8,817.17,443.02,374.15
2023-11-16,West,Widget A,Customer 10,8,24.17,193.35,108.91,84.44
2023-11-17,Central,Gadget X,Customer 21,21,111.34,2338.06,1374.81,963.25
2023-11-17,West,Gadget Y,Customer 24,22,91.12,2004.7,1268.5,736.2
2023-11-17,West,Gizmo Pro,Customer 7,2,306.15,612.3,368.81,243.49
2023-11-17,East,Gizmo Lite,Customer 13,21,141.44,2970.22,1732.3,1237.92
2023-11-18,Central,Gizmo Lite,Customer 20,9,135.43,1218.83,672.22,546.61
2023-11-19,South,Widget A,Customer 12,5,27.32,136.61,76.21,60.4
2023-11-19,West,Gizmo Pro,Customer 38,13,285.53,3711.86,2090.86,1621.0
2023-11-20,West,Gizmo Lite,Customer 4,6,148.15,888.87,604.68,284.19
2023-11-21,Central,Widget A,Customer 5,18,26.02,468.41,273.81,194.6
2023-11-21,North,Widget A,Customer 10,24,26.51,636.27,367.14,269.13
2023-11-21,Central,Gizmo Pro,Customer 28,11,319.6,3515.63,1849.17,1666.46
2023-11-21,East,Gadget Y,Customer 12,6,94.13,564.76,360.12,204.64
2023-11-21,North,Gadget X,Customer 19,15,130.12,1951.74,1292.86,658.88
2023-11-22,North,Widget B,Customer 39,17,41.52,705.82,437.95,267.87
2023-11-23,North,Widget B,Customer 12,17,43.12,733.03,511.94,221.09
2023-11-23,West,Gizmo Pro,Customer 21,14,316.82,4435.51,2640.31,1795.2
2023-11-23,West,Widget A,Customer 17,24,23.07,553.77,372.15,181.62
2023-11-23,North,Gadget X,Customer 1,4,128.02,512.08,331.88,180.2
2023-11-26,West,Widget A,Customer 15,10,24.88,248.82,157.74,91.08
2023-11-26,Central,Gizmo Lite,Customer 12,24,153.6,3686.5,2047.76,1638.74
2023-11-26,East,Widget B,Customer 15,7,39.53,276.74,147.41,129.33
2023-11-27,East,Gizmo Pro,Customer 36,8,312.48,2499.87,1260.23,1239.64
2023-11-27,South,Gadget Y,Customer 25,7,102.73,719.11,398.69,320.42
2023-11-27,South,Gadget X,Customer 18,3,108.69,326.06,201.07,124.99
2023-11-28,North,Widget A,Customer 39,2,25.84,51.69,32.86,18.83
2023-11-29,Central,Gizmo Pro,Customer 1,8,295.31,2362.48,1375.45,987.03
2023-11-30,East,Gadget X,Customer 15,3,112.61,337.83,178.78,159.05
2023-11-30,South,Widget B,Customer 18,22,39.7,873.42,442.52,430.9
2023-11-30,Central,Gadget X,Customer 9,2,112.35,224.7,115.34,109.36
2023-12-01,South,Widget B,Customer 4,19,36.3,689.66,471.4,218.26
2023-12-01,South,Widget B,Customer 39,16,43.48,695.73,484.2,211.53
2023-12-01,North,Widget A,Customer 18,2,25.07,50.13,34.98,15.15
2023-12-02,North,Widget B,Customer 12,19,42.57,808.92,511.16,297.76
2023-12-04,East,Gadget X,Customer 16,9,112.22,1010.0,508.65,501.35
2023-12-05,West,Gizmo Pro,Customer 15,3,273.07,819.21,474.78,344.43
2023-12-06,South,Gadget X,Customer 18,9,125.11,1126.01,645.49,480.52
2023-12-06,South,Gadget Y,Customer 8,1,94.32,94.32,52.14,42.18
2023-12-06,North,Gadget Y,Customer 7,12,94.91,1138.9,577.28,561.62
2023-12-07,East,Widget A,Customer 30,5,24.49,122.46,76.31,46.15
2023-12-07,East,Gizmo Pro,Customer 38,20,311.07,6221.32,3736.8,2484.52
2023-12-08,West,Widget A,Customer 4,4,24.38,97.53,50.39,47.14
2023-12-09,South,Widget B,Customer 34,13,37.56,488.24,249.75,238.49
2023-12-09,West,Widget B,Customer 21,23,39.45,907.28,616.35,290.93
2023-12-10,West,Gizmo Lite,Customer 2,21,153.52,3224.01,2006.4,1217.61
2023-12-12,West,Gadget Y,Customer 26,8,92.02,736.14,466.26,269.88
2023-12-12,Central,Gadget Y,Customer 26,13,88.14,1145.86,596.03,549.83
2023-12-14,East,Widget B,Customer 28,5,43.8,218.98,152.68,66.3
2023-12-16,North,Gizmo Pro,Customer 17,4,318.37,1273.49,827.33,446.16
2023-12-17,East,Gadget Y,Customer 34,11,86.33,949.64,495.87,453.77
2023-12-18,South,Gadget X,Customer 18,23,113.85,2618.58,1652.8,965.78
2023-12-18,East,Gadget X,Customer 3,10,117.68,1176.78,640.3,536.48
2023-12-20,North,Widget A,Customer 31,10,24.05,240.49,144.66,95.83
2023-12-20,South,Gizmo Pro,Customer 36,8,271.73,2173.82,1366.78,807.04
2023-12-21,North,Gadget X,Customer 18,17,116.68,1983.55,1041.51,942.04
2023-12-21,East,Widget B,Customer 10,3,37.88,113.64,75.69,37.95
2023-12-21,East,Gizmo Lite,Customer 13,13,155.93,2027.12,1016.03,1011.09
2023-12-22,East,Gizmo Lite,Customer 7,5,161.43,807.13,544.3,262.83
2023-12-22,East,Widget A,Customer 36,20,27.23,544.59,304.52,240.07
2023-12-23,West,Gizmo Lite,Customer 29,20,147.67,2953.32,1940.37,1012.95
2023-12-24,West,Gadget X,Customer 8,8,118.71,949.66,602.4,347.26
2023-12-25,North,Gizmo Lite,Customer 4,13,155.74,2024.58,1288.92,735.66
2023-12-25,East,Widget A,Customer 30,17,23.05,391.89,223.74,168.15
2023-12-26,East,Gadget X,Customer 24,5,110.76,553.78,381.17,172.61
2023-12-26,North,Gizmo Lite,Customer 11,12,138.1,1657.18,885.77,771.41
2023-12-27,South,Widget A,Customer 35,23,23.22,533.96,337.22,196.74
2023-12-28,East,Gadget Y,Customer 30,1,94.21,94.21,61.83,32.38
2023-12-29,Central,Widget B,Customer 19,4,37.51,150.03,99.17,50.86
2023-12-29,North,Widget B,Customer 32,2,39.29,78.58,41.28,37.3
2023-12-29,North,Gizmo Pro,Customer 36,19,284.72,5409.7,3126.04,2283.66
2023-12-30,West,Gizmo Pro,Customer 20,9,318.25,2864.21,1676.1,1188.11
2023-12-30,North,Gadget Y,Customer 4,22,103.23,2271.07,1425.05,846.02
2023-12-31,East,Widget A,Customer 8,20,22.52,450.32,282.82,167.5
2023-12-31,West,Gizmo Lite,Customer 19,7,151.24,1058.67,733.23,325.44
2024-01-02,South,Widget A,Customer 29,19,22.88,434.79,231.83,202.96
2024-01-02,Central,Gadget X,Customer 34,23,129.84,2986.28,1921.53,1064.75
2024-01-02,North,Widget B,Customer 12,15,39.5,592.45,370.61,221.84
2024-01-02,South,Gizmo Pro,Customer 9,19,305.37,5801.98,3612.65,2189.33
2024-01-03,Central,Widget A,Customer 9,2,25.84,51.67,25.94,25.73
2024-01-03,West,Widget B,Customer 17,3,41.37,124.11,77.46,46.65
2024-01-04,North,Gadget Y,Customer 25,17,100.63,1710.76,1114.31,596.45
2024-01-04,North,Gizmo Lite,Customer 11,10,145.96,1459.57,886.08,573.49
2024-01-04,South,Gizmo Lite,Customer 3,6,157.45,944.68,514.86,429.82
2024-01-05,West,Widget B,Customer 35,20,41.99,839.74,573.47,266.27
2024-01-09,North,Widget A,Customer 12,7,24.99,174.9,97.97,76.93
2024-01-10,South,Gizmo Lite,Customer 14,24,152.38,3657.18,2313.26,1343.92
2024-01-10,West,Gizmo Lite,Customer 32,5,149.35,746.77,489.96,256.81
2024-01-10,East,Widget B,Customer 35,18,37.65,677.75,381.34,296.41
2024-01-10,South,Gizmo Pro,Customer 20,24,308.59,7406.07,4170.72,3235.35
2024-01-11,South,Gizmo Pro,Customer 26,16,281.59,4505.52,2298.32,2207.2
2024-01-12,West,Widget B,Customer 20,13,36.73,477.5,257.78,219.72
2024-01-12,North,Gizmo Pro,Customer 29,19,284.54,5406.17,2923.1,2483.07
2024-01-12,North,Gadget X,Customer 20,6,110.89,665.36,452.77,212.59
2024-01-14,East,Gizmo Pro,Customer 40,7,313.05,2191.34,1304.06,887.28
2024-01-15,North,Gizmo Pro,Customer 37,12,293.17,3517.99,2435.29,1082.7
2024-01-16,East,Widget B,Customer 40,1,41.0,41.0,26.63,14.37
2024-01-16,West,Gadget Y,Customer 40,9,91.37,822.31,459.43,362.88
2024-01-16,East,Gizmo Lite,Customer 6,2,164.82,329.65,208.46,121.19
2024-01-17,South,Widget A,Customer 25,23,22.71,522.32,362.33,159.99
2024-01-17,Central,Gadget X,Customer 14,6,110.55,663.3,443.35,219.95
2024-01-17,South,Widget B,Customer 9,1,40.3,40.3,20.19,20.11
2024-01-18,South,Gadget Y,Customer 11,7,95.85,670.96,357.65,313.31
2024-01-19,Central,Gizmo Pro,Customer 33,18,313.2,5637.61,3290.1,2347.51
2024-01-19,West,Gizmo Pro,Customer 3,10,304.71,3047.13,1573.89,1473.24
2024-01-20,South,Gizmo Pro,Customer 13,23,308.28,7090.42,4275.77,2814.65
2024-01-21,Central,Gizmo Lite,Customer 4,19,140.0,2659.93,1854.6,805.33
2024-01-21,West,Gadget X,Customer 31,6,129.47,776.84,430.01,346.83
2024-01-22,South,Gadget X,Customer 40,6,111.38,668.26,361.13,307.13
2024-01-24,North,Gadget X,Customer 25,19,113.92,2164.48,1281.21,883.27
2024-01-26,Central,Widget B,Customer 4,14,42.03,588.46,296.34,292.12
2024-01-27,West,Widget A,Customer 5,10,24.29,242.92,127.09,115.83
2024-01-27,South,Gadget X,Customer 33,14,111.37,1559.21,917.74,641.47
2024-01-28,East,Gizmo Pro,Customer 1,21,320.65,6733.67,3554.44,3179.23
2024-01-28,West,Widget B,Customer 13,19,36.25,688.78,432.06,256.72
2024-01-28,Central,Widget B,Customer 29,1,42.73,42.73,21.69,21.04
2024-02-01,West,Gadget X,Customer 11,1,110.89,110.89,67.52,43.37
2024-02-02,South,Gadget Y,Customer 8,7,99.2,694.39,389.98,304.41
2024-02-03,East,Gizmo Pro,Customer 29,8,281.17,2249.35,1273.84,975.51
2024-02-04,West,Widget B,Customer 25,13,38.15,495.89,263.45,232.44
2024-02-05,North,Gizmo Pro,Customer 29,4,304.9,1219.59,716.29,503.3
2024-02-05,North,Gizmo Pro,Customer 22,7,272.04,1904.26,1217.74,686.52
2024-02-06,East,Widget A,Customer 14,24,23.65,567.6,297.49,270.11
2024-02-06,North,Widget A,Customer 40,14,24.7,345.76,215.27,130.49
2024-02-06,South,Gizmo Pro,Customer 30,12,283.88,3406.58,1978.71,1427.87
2024-02-07,West,Gadget X,Customer 20,7,112.18,785.29,501.16,284.13
2024-02-08,North,Widget B,Customer 11,9,36.31,326.8,165.75,161.05
2024-02-08,East,Gadget Y,Customer 20,24,95.82,2299.75,1386.29,913.46
2024-02-09,West,Gadget X,Customer 27,2,116.53,233.06,153.06,80.0
2024-02-09,Central,Gizmo Pro,Customer 6,24,282.06,6769.53,4080.94,2688.59
2024-02-09,North,Gizmo Lite,Customer 4,13,137.79,1791.27,1106.36,684.91
2024-02-10,West,Gadget Y,Customer 30,6,89.49,536.92,357.07,179.85
2024-02-10,East,Gizmo Lite,Customer 37,20,141.26,2825.11,1938.36,886.75
2024-02-12,South,Gizmo Lite,Customer 4,13,162.5,2112.55,1360.76,751.79
2024-02-12,South,Gadget X,Customer 12,17,125.16,2127.7,1169.72,957.98
2024-02-12,East,Gadget Y,Customer 1,10,103.47,1034.73,691.65,343.08
2024-02-13,North,Widget B,Customer 37,16,36.3,580.79,349.1,231.69
2024-02-13,East,Gadget Y,Customer 5,3,95.02,285.07,164.42,120.65
2024-02-15,South,Gizmo Lite,Customer 24,3,146.52,439.56,294.89,144.67
2024-02-15,South,Gizmo Pro,Customer 33,19,286.16,5437.13,2984.03,2453.1
2024-02-16,East,Gizmo Lite,Customer 37,22,163.12,3588.57,2287.99,1300.58
2024-02-17,North,Gadget X,Customer 31,4,122.75,490.98,296.91,194.07
2024-02-18,Central,Gadget Y,Customer 32,19,102.35,1944.68,1223.52,721.16
2024-02-18,South,Gizmo Lite,Customer 9,15,155.21,2328.14,1247.54,1080.6
2024-02-19,East,Gadget Y,Customer 16,7,90.7,634.9,441.89,193.01
2024-02-19,West,Widget B,Customer 32,4,36.31,145.25,96.94,48.31
2024-02-20,East,Gizmo Pro,Customer 21,8,325.75,2605.99,1504.87,1101.12
2024-02-20,East,Gadget X,Customer 17,6,116.83,700.96,439.12,261.84
2024-02-20,West,Gizmo Lite,Customer 35,22,138.97,3057.39,1762.43,1294.96
2024-02-20,South,Gadget Y,Customer 21,6,94.51,567.05,309.13,257.92
2024-02-20,West,Widget A,Customer 28,9,25.18,226.6,151.19,75.41
2024-02-22,West,Gizmo Lite,Customer 6,18,147.52,2655.39,1492.15,1163.24
2024-02-22,Central,Gadget X,Customer 24,7,111.97,783.81,397.22,386.59
2024-02-23,East,Gadget X,Customer 12,20,113.72,2274.38,1239.26,1035.12
2024-02-23,North,Gadget X,Customer 20,4,124.35,497.41,342.24,155.17
2024-02-23,South,Gizmo Lite,Customer 8,12,156.91,1882.86,1156.75,726.11
2024-02-23,South,Gizmo Pro,Customer 15,5,277.38,1386.9,848.41,538.49
2024-02-24,West,Widget A,Customer 22,18,26.81,482.67,287.73,194.94
2024-02-24,South,Gadget X,Customer 6,15,125.49,1882.36,958.86,923.5
2024-02-25,South,Widget B,Customer 32,15,42.47,637.06,364.62,272.44
2024-02-26,West,Gizmo Lite,Customer 35,16,138.04,2208.71,1397.45,811.26
2024-02-26,East,Gizmo Lite,Customer 39,5,160.0,799.98,468.27,331.71
2024-02-26,South,Widget B,Customer 13,17,43.64,741.93,487.73,254.2
2024-02-28,East,Widget A,Customer 14,19,24.77,470.56,284.63,185.93
2024-02-28,North,Gadget X,Customer 21,18,115.89,2086.02,1159.04,926.98
2024-02-29,East,Widget A,Customer 10,22,23.28,512.18,321.23,190.95
2024-02-29,North,Widget B,Customer 15,10,43.39,433.94,236.96,196.98
2024-02-29,East,Widget A,Customer 31,23,23.78,546.93,317.99,228.94
2024-03-01,West,Gadget X,Customer 1,24,122.64,2943.38,1696.85,1246.53
2024-03-01,Central,Widget B,Customer 35,10,43.92,439.23,219.64,219.59
2024-03-02,South,Gizmo Lite,Customer 38,17,153.41,2607.96,1772.34,835.62
2024-03-03,North,Gizmo Pro,Customer 8,6,305.57,1833.41,1166.1,667.31
2024-03-04,East,Gadget X,Customer 30,8,108.37,866.98,482.19,384.79
2024-03-04,West,Gizmo Pro,Customer 23,5,315.82,1579.11,954.86,624.25
2024-03-05,North,Gadget Y,Customer 33,23,88.76,2041.42,1205.9,835.52
2024-03-05,North,Gadget X,Customer 6,15,119.71,1795.63,944.52,851.11
2024-03-06,South,Gadget X,Customer 6,20,127.86,2557.21,1278.91,1278.3
2024-03-07,North,Gizmo Pro,Customer 13,5,275.82,1379.09,738.93,640.16
2024-03-08,West,Gizmo Pro,Customer 33,20,287.28,5745.53,3439.07,2306.46
2024-03-09,East,Gadget X,Customer 3,11,111.26,1223.85,636.23,587.62
2024-03-09,West,Widget A,Customer 15,8,26.13,209.02,109.24,99.78
2024-03-10,West,Widget A,Customer 29,14,22.96,321.43,166.77,154.66
2024-03-11,North,Widget B,Customer 21,5,42.08,210.41,111.68,98.73
2024-03-12,West,Gadget Y,Customer 32,23,104.18,2396.2,1575.12,821.08
2024-03-12,East,Widget A,Customer 30,9,22.56,203.06,120.57,82.49
2024-03-14,South,Widget A,Customer 6,21,24.63,517.28,322.31,194.97
2024-03-14,West,Gadget X,Customer 39,21,124.5,2614.4,1810.01,804.39
2024-03-14,North,Gadget Y,Customer 37,21,96.78,2032.37,1263.27,769.1
2024-03-14,North,Widget A,Customer 24,12,23.7,284.41,168.93,115.48
2024-03-14,North,Gizmo Lite,Customer 10,3,164.81,494.42,264.5,229.92
2024-03-14,East,Widget A,Customer 35,12,26.81,321.77,174.83,146.94
2024-03-15,West,Widget B,Customer 12,23,38.18,878.17,567.57,310.6
2024-03-17,North,Gizmo Pro,Customer 27,20,302.69,6053.79,3353.49,2700.3
2024-03-18,Central,Gizmo Pro,Customer 5,9,323.74,2913.68,1913.41,1000.27
2024-03-18,West,Gadget Y,Customer 32,12,90.06,1080.68,582.48,498.2
2024-03-18,East,Gizmo Lite,Customer 37,3,161.62,484.87,296.42,188.45
2024-03-19,South,Gadget X,Customer 31,11,115.47,1270.16,807.09,463.07
2024-03-19,Central,Widget A,Customer 15,9,24.06,216.5,146.61,69.89
2024-03-20,North,Gadget Y,Customer 30,9,86.1,774.93,508.67,266.26
2024-03-20,South,Gadget X,Customer 10,19,110.67,2102.71,1258.52,844.19
2024-03-22,East,Gizmo Pro,Customer 2,23,279.12,6419.79,3288.67,3131.12
2024-03-24,North,Widget B,Customer 35,24,40.0,960.12,655.14,304.98
2024-03-24,North,Widget B,Customer 13,22,40.6,893.27,450.59,442.68
2024-03-24,South,Gadget X,Customer 32,10,123.78,1237.81,695.88,541.93
2024-03-24,South,Gadget Y,Customer 23,4,102.09,408.37,217.4,190.97
2024-03-24,West,Gadget Y,Customer 23,15,89.96,1349.38,913.18,436.2
2024-03-25,North,Gizmo Lite,Customer 5,23,147.34,3388.77,2221.41,1167.36
2024-03-25,North,Widget A,Customer 40,17,24.56,417.59,267.67,149.92
2024-03-25,Central,Gizmo Pro,Customer 10,14,308.17,4314.32,2945.2,1369.12
2024-03-26,Central,Gadget X,Customer 18,20,124.18,2483.53,1267.51,1216.02
2024-03-27,West,Gadget X,Customer 2,10,112.66,1126.63,664.08,462.55
2024-03-27,West,Gadget X,Customer 28,18,110.41,1987.4,1196.08,791.32
2024-03-29,Central,Gadget Y,Customer 23,13,86.58,1125.6,714.27,411.33
2024-03-30,West,Gizmo Lite,Customer 5,23,147.48,3392.15,2022.63,1369.52
2024-03-30,Central,Gizmo Lite,Customer 18,2,157.44,314.88,208.62,106.26
2024-03-30,West,Gadget Y,Customer 19,3,100.81,302.43,151.7,150.73
2024-03-30,North,Gadget Y,Customer 36,13,91.23,1185.99,637.66,548.33
2024-03-30,North,Gadget Y,Customer 20,4,96.11,384.44,209.56,174.88
2024-03-31,West,Gizmo Pro,Customer 12,16,287.8,4604.86,2964.08,1640.78
2024-03-31,North,Gadget Y,Customer 5,1,100.76,100.76,53.47,47.29
2024-04-01,East,Widget A,Customer 23,24,24.79,594.96,344.84,250.12
2024-04-02,South,Widget B,Customer 5,21,39.43,827.98,535.12,292.86
2024-04-02,Central,Widget B,Customer 30,22,37.72,829.89,549.57,280.32
2024-04-03,East,Gadget Y,Customer 30,17,102.56,1743.54,1054.86,688.68
2024-04-03,South,Gadget X,Customer 11,16,115.49,1847.88,929.76,918.12
2024-04-03,West,Gizmo Lite,Customer 33,4,155.33,621.34,386.19,235.15
2024-04-04,East,Gizmo Lite,Customer 21,22,151.75,3338.39,1900.88,1437.51
2024-04-04,North,Gizmo Lite,Customer 28,11,135.97,1495.72,970.23,525.49
2024-04-05,West,Gadget Y,Customer 31,11,90.44,994.82,566.09,428.73
2024-04-05,South,Gizmo Lite,Customer 33,20,162.47,3249.49,1951.56,1297.93
2024-04-07,East,Widget A,Customer 14,22,23.42,515.19,342.18,173.01
2024-04-07,Central,Gadget X,Customer 9,3,109.79,329.37,216.24,113.13
2024-04-10,East,Gizmo Lite,Customer 33,7,151.63,1061.38,655.49,405.89
2024-04-11,South,Widget A,Customer 29,13,24.91,323.83,174.62,149.21
2024-04-11,North,Widget A,Customer 2,11,26.27,288.98,180.29,108.69
2024-04-16,North,Gizmo Pro,Customer 18,22,290.47,6390.44,3762.93,2627.51
2024-04-18,South,Gadget X,Customer 15,8,129.7,1037.61,596.57,441.04
2024-04-20,West,Gizmo Pro,Customer 38,3,303.33,909.98,594.94,315.04
2024-04-20,South,Gizmo Lite,Customer 23,8,161.83,1294.66,860.59,434.07
2024-04-20,North,Gadget Y,Customer 12,6,88.33,529.96,314.02,215.94
2024-04-21,West,Widget A,Customer 16,10,22.98,229.83,135.62,94.21
2024-04-21,East,Gizmo Lite,Customer 25,8,153.87,1231.0,706.67,524.33
2024-04-21,North,Gadget Y,Customer 16,24,90.66,2175.89,1261.27,914.62
2024-04-22,North,Gadget Y,Customer 19,5,87.24,436.2,298.13,138.07
2024-04-23,West,Gadget Y,Customer 18,6,90.49,542.92,334.57,208.35
2024-04-24,West,Gadget X,Customer 5,4,115.82,463.28,243.48,219.8
2024-04-24,West,Gadget X,Customer 33,8,111.4,891.19,463.86,427.33
2024-04-25,North,Gizmo Pro,Customer 19,4,271.46,1085.84,683.1,402.74
2024-04-25,East,Gizmo Pro,Customer 17,24,299.17,7180.03,4912.2,2267.83
2024-04-25,North,Widget A,Customer 34,16,27.28,436.54,270.6,165.94
2024-04-25,North,Gizmo Pro,Customer 2,9,275.26,2477.33,1702.9,774.43
2024-04-26,North,Widget B,Customer 4,15,43.7,655.57,399.84,255.73
2024-04-26,North,Gadget X,Customer 38,14,118.69,1661.66,858.83,802.83
2024-04-26,Central,Widget B,Customer 29,19,42.47,806.88,502.15,304.73
2024-04-26,West,Widget A,Customer 36,8,24.63,197.04,120.12,76.92
2024-04-27,North,Gizmo Pro,Customer 20,21,293.26,6158.37,3648.15,2510.22
2024-04-27,Central,Gadget X,Customer 10,20,124.25,2485.03,1553.16,931.87
2024-04-28,East,Gadget X,Customer 17,3,127.03,381.1,265.34,115.76
2024-04-30,North,Gadget X,Customer 21,24,109.17,2620.09,1752.17,867.92
2024-05-01,North,Gadget Y,Customer 39,10,91.52,915.15,509.87,405.28
2024-05-01,North,Gadget X,Customer 16,4,128.13,512.51,339.14,173.37
2024-05-04,West,Gadget X,Customer 21,19,131.64,2501.24,1634.81,866.43
2024-05-04,West,Widget B,Customer 34,9,37.53,337.73,192.31,145.42
2024-05-06,Central,Widget B,Customer 27,23,43.87,1009.03,558.79,450.24
2024-05-06,Central,Gizmo Lite,Customer 7,14,156.03,2184.41,1123.99,1060.42
2024-05-06,East,Widget A,Customer 26,10,24.08,240.76,133.68,107.08
2024-05-06,North,Gadget Y,Customer 31,24,91.99,2207.69,1302.0,905.69
2024-05-07,North,Widget B,Customer 38,5,43.54,217.72,135.44,82.28
2024-05-08,North,Gadget Y,Customer 33,4,97.53,390.12,212.92,177.2
2024-05-08,East,Widget B,Customer 2,4,40.14,160.55,93.54,67.01
2024-05-08,West,Gadget Y,Customer 35,14,87.0,1218.0,716.87,501.13
2024-05-09,West,Gadget X,Customer 10,17,127.7,2170.9,1188.07,982.83
2024-05-09,West,Gadget X,Customer 24,22,122.91,2704.01,1378.01,1326.0
2024-05-10,East,Gizmo Lite,Customer 35,14,140.48,1966.72,1038.27,928.45
2024-05-11,East,Gizmo Lite,Customer 25,13,153.78,1999.1,1353.78,645.32
2024-05-11,West,Gizmo Pro,Customer 16,23,299.24,6882.43,4033.08,2849.35
2024-05-12,North,Widget B,Customer 13,18,41.57,748.33,388.63,359.7
2024-05-13,South,Widget B,Customer 1,16,41.67,666.74,465.89,200.85
2024-05-13,East,Widget A,Customer 29,7,24.36,170.51,98.64,71.87
2024-05-13,East,Gadget X,Customer 14,18,118.64,2135.57,1324.96,810.61
2024-05-14,West,Gizmo Pro,Customer 14,23,323.78,7446.94,3742.83,3704.11
2024-05-14,East,Widget B,Customer 26,22,42.66,938.55,471.35,467.2
2024-05-16,North,Widget A,Customer 33,21,26.57,557.95,355.38,202.57
2024-05-16,North,Gadget Y,Customer 37,22,103.51,2277.18,1319.21,957.97
2024-05-17,East,Gizmo Lite,Customer 11,24,161.9,3885.67,2005.19,1880.48
2024-05-18,North,Widget B,Customer 38,1,38.03,38.03,26.53,11.5
2024-05-19,Central,Widget A,Customer 7,14,25.05,350.74,232.93,117.81
2024-05-20,North,Gadget Y,Customer 20,1,86.85,86.85,50.32,36.53
2024-05-20,West,Gizmo Lite,Customer 5,5,153.89,769.47,418.03,351.44
2024-05-20,West,Widget A,Customer 10,24,27.43,658.24,391.13,267.11
2024-05-21,South,Widget A,Customer 40,24,22.64,543.26,376.61,166.65
2024-05-21,South,Gadget Y,Customer 38,15,99.67,1495.06,807.44,687.62
2024-05-22,North,Widget B,Customer 38,3,39.18,117.53,61.23,56.3
2024-05-22,West,Gadget Y,Customer 37,21,91.43,1920.13,1206.87,713.26
2024-05-23,Central,Widget A,Customer 34,9,23.48,211.29,120.24,91.05
2024-05-24,West,Gizmo Lite,Customer 33,13,154.81,2012.58,1195.8,816.78
2024-05-24,North,Gadget Y,Customer 18,8,100.9,807.22,502.75,304.47
2024-05-25,East,Widget B,Customer 24,22,41.3,908.5,590.74,317.76
2024-05-26,North,Gadget Y,Customer 27,17,100.06,1701.03,1074.35,626.68
2024-05-27,West,Widget A,Customer 28,23,24.06,553.48,287.59,265.89
2024-05-27,North,Widget B,Customer 17,16,43.63,698.1,469.9,228.2
2024-05-28,East,Gizmo Pro,Customer 4,4,319.12,1276.5,668.04,608.46
2024-05-28,South,Widget B,Customer 38,22,37.15,817.33,505.99,311.34
2024-05-28,Central,Gadget X,Customer 37,8,114.01,912.09,570.03,342.06
2024-05-29,North,Widget B,Customer 3,12,39.87,478.42,260.27,218.15
2024-05-29,Central,Gadget Y,Customer 23,14,98.57,1380.02,723.24,656.78
2024-05-30,East,Gizmo Pro,Customer 26,6,309.24,1855.47,1117.58,737.89
2024-05-30,North,Widget B,Customer 21,22,43.19,950.11,585.78,364.33
2024-05-30,East,Gadget Y,Customer 16,3,88.56,265.67,170.05,95.62
2024-05-30,Central,Gadget X,Customer 3,4,113.8,455.2,233.79,221.41
2024-05-30,East,Gadget X,Customer 24,5,121.92,609.6,373.26,236.34
2024-05-31,North,Gizmo Lite,Customer 11,5,137.46,687.3,348.45,338.85
2024-06-01,South,Gadget Y,Customer 33,17,104.14,1770.43,1166.06,604.37
2024-06-02,North,Widget B,Customer 32,24,40.39,969.28,509.45,459.83
2024-06-03,South,Gizmo Lite,Customer 23,10,142.13,1421.26,986.75,434.51
2024-06-03,West,Gadget X,Customer 14,7,111.46,780.19,546.05,234.14
2024-06-03,Central,Gadget Y,Customer 37,4,100.67,402.69,279.29,123.4
2024-06-03,East,Widget A,Customer 19,1,27.06,27.06,18.26,8.8
2024-06-04,Central,Widget B,Customer 35,18,39.93,718.73,502.58,216.15
2024-06-04,West,Gadget Y,Customer 8,24,85.77,2058.42,1111.07,947.35
2024-06-04,Central,Widget B,Customer 35,23,38.19,878.41,543.39,335.02
2024-06-05,East,Widget B,Customer 33,22,42.57,936.54,488.99,447.55
2024-06-06,South,Gadget Y,Customer 6,9,89.24,803.17,554.42,248.75
2024-06-07,East,Gadget Y,Customer 16,8,88.53,708.21,382.96,325.25
2024-06-08,North,Gizmo Lite,Customer 10,21,143.03,3003.58,2003.68,999.9
2024-06-08,South,Widget B,Customer 16,9,43.66,392.97,236.02,156.95
2024-06-09,West,Gizmo Lite,Customer 29,24,164.71,3953.06,2233.68,1719.38
2024-06-09,South,Widget B,Customer 12,6,40.22,241.32,133.16,108.16
2024-06-10,South,Gizmo Pro,Customer 37,15,322.81,4842.14,2609.91,2232.23
2024-06-10,North,Widget A,Customer 34,5,23.02,115.09,66.8,48.29
2024-06-10,East,Widget B,Customer 5,18,39.12,704.2,367.04,337.16
2024-06-13,North,Gizmo Pro,Customer 34,20,296.94,5938.89,3655.52,2283.37
2024-06-13,West,Widget A,Customer 15,10,24.07,240.69,146.24,94.45
2024-06-13,Central,Gizmo Pro,Customer 26,22,284.98,6269.66,3565.27,2704.39
2024-06-14,North,Widget B,Customer 11,13,37.08,482.05,255.66,226.39
2024-06-14,East,Gizmo Lite,Customer 38,21,143.98,3023.53,1964.15,1059.38
2024-06-15,North,Gadget X,Customer 18,4,121.49,485.97,312.45,173.52
2024-06-15,Central,Gadget X,Customer 29,3,113.28,339.85,193.75,146.1
2024-06-16,West,Gizmo Pro,Customer 13,17,277.99,4725.85,2609.93,2115.92
2024-06-16,West,Widget B,Customer 4,6,43.84,263.03,166.03,97.0
2024-06-17,North,Widget A,Customer 5,9,24.28,218.52,148.34,70.18
2024-06-17,South,Gadget Y,Customer 9,7,87.61,613.28,386.13,227.15
2024-06-19,West,Widget A,Customer 4,15,27.22,408.3,226.11,182.19
2024-06-19,North,Widget B,Customer 37,6,39.3,235.81,150.71,85.1
2024-06-19,West,Widget B,Customer 19,19,39.99,759.73,391.57,368.16
2024-06-19,Central,Gadget X,Customer 20,14,119.09,1667.26,834.04,833.22
2024-06-20,Central,Gadget Y,Customer 25,4,92.25,368.99,232.38,136.61
2024-06-20,North,Gizmo Pro,Customer 19,11,310.57,3416.24,1802.71,1613.53
2024-06-20,Central,Widget B,Customer 19,23,39.76,914.51,593.39,321.12
2024-06-20,West,Gadget X,Customer 1,23,123.08,2830.85,1519.66,1311.19
2024-06-20,East,Gadget X,Customer 34,24,114.06,2737.53,1371.55,1365.98
2024-06-22,Central,Gadget Y,Customer 35,8,91.41,731.32,454.93,276.39
2024-06-23,East,Gadget X,Customer 5,19,118.63,2254.04,1349.79,904.25
2024-06-24,West,Gadget Y,Customer 27,18,89.56,1612.02,969.1,642.92
2024-06-24,South,Gadget Y,Customer 9,6,99.75,598.5,407.96,190.54
2024-06-24,Central,Widget A,Customer 34,12,22.68,272.13,153.97,118.16
2024-06-24,East,Gadget Y,Customer 26,6,99.98,599.9,354.53,245.37
2024-06-24,West,Widget B,Customer 39,10,38.81,388.14,236.26,151.88
2024-06-26,South,Gizmo Pro,Customer 32,17,301.15,5119.59,2799.77,2319.82
2024-06-27,North,Gadget X,Customer 16,1,118.03,118.03,82.25,35.78
2024-06-27,West,Widget A,Customer 33,6,27.04,162.23,104.62,57.61
2024-06-28,North,Widget A,Customer 8,5,27.15,135.74,73.43,62.31
2024-06-30,South,Gadget X,Customer 5,5,119.54,597.71,350.88,246.83
2024-06-30,West,Widget A,Customer 3,16,23.07,369.13,254.04,115.09
2024-07-01,South,Gadget Y,Customer 21,24,100.85,2420.48,1296.35,1124.13
2024-07-02,North,Gizmo Pro,Customer 9,1,320.76,320.76,199.74,121.02
2024-07-03,South,Gizmo Lite,Customer 31,17,160.52,2728.87,1771.57,957.3
2024-07-03,North,Gadget X,Customer 14,2,130.6,261.19,139.71,121.48
2024-07-03,East,Gadget X,Customer 36,13,120.78,1570.17,801.36,768.81
2024-07-03,North,Gadget Y,Customer 12,11,103.24,1135.62,749.82,385.8
2024-07-04,North,Gizmo Lite,Customer 21,22,152.72,3359.82,2124.09,1235.73
2024-07-04,Central,Gizmo Lite,Customer 24,16,161.24,2579.89,1356.46,1223.43
2024-07-04,Central,Gizmo Lite,Customer 11,10,159.6,1596.02,811.28,784.74
2024-07-04,Central,Gadget X,Customer 6,23,110.55,2542.63,1665.87,876.76
2024-07-04,Central,Gizmo Pro,Customer 32,6,277.9,1667.4,1118.73,548.67
2024-07-06,West,Widget B,Customer 28,20,38.72,774.31,513.34,260.97
2024-07-06,East,Widget B,Customer 14,3,38.96,116.88,59.66,57.22
2024-07-07,North,Gizmo Pro,Customer 33,20,314.49,6289.75,3865.87,2423.88
2024-07-07,South,Gizmo Lite,Customer 16,13,153.18,1991.34,1333.98,657.36
2024-07-08,North,Gizmo Lite,Customer 22,14,151.85,2125.87,1135.56,990.31
2024-07-09,South,Gizmo Lite,Customer 20,18,164.6,2962.81,1554.27,1408.54
2024-07-09,East,Gizmo Pro,Customer 17,8,290.49,2323.91,1262.17,1061.74
2024-07-10,Central,Widget B,Customer 20,20,42.0,840.04,445.57,394.47
2024-07-10,North,Widget A,Customer 1,19,26.2,497.77,309.84,187.93
2024-07-11,East,Gizmo Lite,Customer 11,20,158.14,3162.75,1605.93,1556.82
2024-07-11,North,Gizmo Lite,Customer 18,19,156.77,2978.66,1854.76,1123.9
2024-07-11,South,Gizmo Pro,Customer 17,23,270.12,6212.75,3999.44,2213.31
2024-07-11,North,Gizmo Lite,Customer 24,2,135.58,271.16,142.32,128.84
2024-07-11,East,Gadget Y,Customer 8,3,93.34,280.03,184.95,95.08
2024-07-12,South,Widget A,Customer 13,20,25.86,517.15,323.97,193.18
2024-07-12,Central,Widget A,Customer 13,15,25.0,374.94,203.71,171.23
2024-07-13,South,Gadget X,Customer 26,12,114.23,1370.75,805.18,565.57
2024-07-13,North,Gizmo Pro,Customer 20,4,302.97,1211.86,764.97,446.89
2024-07-13,North,Gadget X,Customer 35,12,126.3,1515.61,935.11,580.5
2024-07-15,East,Gizmo Pro,Customer 5,16,319.88,5118.12,3172.19,1945.93
2024-07-16,North,Widget B,Customer 25,13,39.67,515.71,276.59,239.12
2024-07-16,North,Gizmo Pro,Customer 6,21,286.88,6024.5,3563.58,2460.92
2024-07-17,East,Gadget Y,Customer 30,5,90.24,451.18,262.62,188.56
2024-07-17,South,Gadget Y,Customer 3,5,99.93,499.63,346.52,153.11
2024-07-17,South,Gizmo Lite,Customer 31,9,155.7,1401.3,894.06,507.24
2024-07-17,East,Widget B,Customer 14,18,41.71,750.81,498.92,251.89
2024-07-19,West,Gizmo Lite,Customer 8,19,163.37,3104.08,1746.31,1357.77
2024-07-19,South,Gizmo Pro,Customer 26,16,329.73,5275.75,3252.73,2023.02
2024-07-20,West,Gadget X,Customer 22,5,113.9,569.5,330.62,238.88
2024-07-21,Central,Gadget X,Customer 31,10,120.78,1207.77,677.16,530.61
2024-07-22,North,Widget A,Customer 5,7,25.95,181.65,104.89,76.76
2024-07-22,North,Widget A,Customer 23,3,27.32,81.97,52.75,29.22
2024-07-22,North,Gadget X,Customer 1,20,128.75,2575.03,1348.63,1226.4
2024-07-23,West,Gadget X,Customer 39,12,108.24,1298.91,688.11,610.8
2024-07-23,Central,Gizmo Lite,Customer 24,18,153.45,2762.1,1927.98,834.12
2024-07-24,East,Widget A,Customer 39,13,25.88,336.4,171.22,165.18
2024-07-24,South,Widget B,Customer 10,2,42.25,84.49,52.11,32.38
2024-07-24,South,Widget A,Customer 16,2,27.34,54.67,31.63,23.04
2024-07-26,South,Gizmo Lite,Customer 39,10,139.46,1394.55,863.64,530.91
2024-07-26,Central,Gizmo Pro,Customer 27,3,304.27,912.81,511.91,400.9
2024-07-27,North,Widget B,Customer 13,11,38.17,419.84,226.9,192.94
2024-07-28,East,Widget A,Customer 17,1,24.46,24.46,14.83,9.63
2024-07-28,West,Gadget X,Customer 17,5,131.89,659.45,367.64,291.81
2024-07-28,South,Widget B,Customer 11,6,38.77,232.62,132.45,100.17
2024-07-28,South,Widget B,Customer 33,13,42.1,547.24,371.39,175.85
2024-07-28,North,Gadget Y,Customer 13,11,100.81,1108.88,604.19,504.69
2024-07-30,South,Gizmo Pro,Customer 2,22,321.0,7061.97,4475.91,2586.06
2024-07-30,North,Gadget X,Customer 1,21,108.8,2284.85,1407.37,877.48
2024-07-31,North,Gizmo Pro,Customer 23,17,320.35,5445.88,3322.71,2123.17
2024-07-31,East,Gizmo Lite,Customer 6,12,140.6,1687.17,1144.76,542.41
2024-08-02,East,Widget B,Customer 11,9,39.13,352.16,195.31,156.85
2024-08-03,Central,Widget B,Customer 38,10,38.2,382.01,221.41,160.6
2024-08-03,South,Gizmo Pro,Customer 6,5,313.39,1566.94,846.32,720.62
2024-08-06,North,Gadget Y,Customer 19,10,95.87,958.73,656.96,301.77
2024-08-07,North,Widget A,Customer 24,4,23.59,94.37,65.11,29.26
2024-08-07,Central,Widget A,Customer 13,9,22.95,206.57,115.21,91.36
2024-08-08,Central,Widget A,Customer 30,23,26.52,610.07,311.43,298.64
2024-08-10,East,Gadget Y,Customer 31,12,89.38,1072.51,713.53,358.98
2024-08-10,North,Widget A,Customer 4,1,25.5,25.5,17.55,7.95
2024-08-11,Central,Gadget X,Customer 8,8,128.14,1025.12,542.36,482.76
2024-08-11,Central,Gadget Y,Customer 2,5,92.99,464.94,311.6,153.34
2024-08-11,Central,Widget B,Customer 24,2,37.14,74.29,48.5,25.79
2024-08-11,South,Gadget Y,Customer 28,11,101.96,1121.54,660.4,461.14
2024-08-12,South,Widget B,Customer 26,21,37.65,790.6,395.45,395.15
2024-08-12,East,Widget A,Customer 25,2,23.87,47.75,29.58,18.17
2024-08-13,North,Gizmo Pro,Customer 34,24,328.66,7887.73,4862.99,3024.74
2024-08-14,West,Gizmo Lite,Customer 23,22,136.78,3009.06,1885.36,1123.7
2024-08-15,North,Gizmo Pro,Customer 32,19,319.48,6070.14,3457.32,2612.82
2024-08-16,South,Widget B,Customer 40,20,39.34,786.87,432.97,353.9
2024-08-17,South,Gizmo Pro,Customer 6,20,308.76,6175.1,3792.47,2382.63
2024-08-17,West,Widget A,Customer 12,2,26.5,52.99,31.88,21.11
2024-08-18,East,Widget B,Customer 10,24,43.59,1046.26,586.97,459.29
2024-08-18,Central,Gizmo Lite,Customer 3,23,156.94,3609.56,2360.47,1249.09
2024-08-18,North,Widget B,Customer 30,21,36.12,758.54,525.67,232.87
2024-08-18,East,Gizmo Lite,Customer 29,22,153.09,3368.02,2246.74,1121.28
2024-08-18,North,Gadget X,Customer 2,18,109.54,1971.75,1219.6,752.15
2024-08-19,West,Gizmo Lite,Customer 6,17,164.87,2802.82,1645.4,1157.42
2024-08-20,West,Gizmo Lite,Customer 10,14,147.98,2071.78,1054.08,1017.7
2024-08-21,West,Gizmo Lite,Customer 37,20,160.53,3210.51,1788.98,1421.53
2024-08-23,South,Gadget X,Customer 18,5,114.96,574.81,310.57,264.24
2024-08-23,West,Gizmo Lite,Customer 26,1,160.61,160.61,103.6,57.01
2024-08-23,South,Widget A,Customer 12,7,25.32,177.22,102.09,75.13
2024-08-24,East,Gadget Y,Customer 2,8,102.14,817.14,536.56,280.58
2024-08-26,West,Widget B,Customer 37,21,36.65,769.59,450.72,318.87
2024-08-27,West,Gadget X,Customer 7,3,127.12,381.37,213.12,168.25
2024-08-27,South,Widget A,Customer 32,17,24.72,420.28,211.37,208.91
2024-08-28,South,Gizmo Lite,Customer 12,12,162.62,1951.47,1202.73,748.74
2024-08-28,North,Gadget X,Customer 1,2,116.62,233.23,154.32,78.91
2024-08-28,North,Widget A,Customer 40,19,25.58,485.94,331.47,154.47
2024-08-29,Central,Gizmo Lite,Customer 33,10,159.29,1592.9,1099.27,493.63
2024-08-29,West,Gadget Y,Customer 18,4,92.21,368.84,243.42,125.42
2024-08-30,South,Widget B,Customer 20,6,38.6,231.61,117.62,113.99
2024-08-30,Central,Widget B,Customer 15,6,43.91,263.44,156.23,107.21
2024-08-30,Central,Gizmo Lite,Customer 6,14,142.58,1996.18,1372.93,623.25
2024-08-30,West,Gadget X,Customer 15,22,116.78,2569.08,1400.34,1168.74
2024-09-02,North,Widget A,Customer 38,12,26.49,317.9,211.24,106.66
2024-09-02,North,Widget B,Customer 2,1,36.74,36.74,24.96,11.78
2024-09-03,South,Gadget X,Customer 25,16,119.67,1914.69,999.09,915.6
2024-09-03,South,Widget B,Customer 25,18,42.13,758.4,401.91,356.49
2024-09-03,West,Gizmo Pro,Customer 26,21,295.86,6213.04,3740.9,2472.14
2024-09-03,South,Gadget X,Customer 34,12,123.56,1482.76,761.68,721.08
2024-09-04,East,Widget A,Customer 21,15,26.6,399.05,237.62,161.43
2024-09-04,Central,Gadget X,Customer 1,5,121.47,607.35,397.32,210.03
2024-09-05,North,Gadget X,Customer 8,9,114.79,1033.09,603.03,430.06
2024-09-05,North,Gizmo Pro,Customer 5,17,281.14,4779.36,3024.59,1754.77
2024-09-06,East,Gizmo Pro,Customer 18,24,314.54,7548.87,3812.48,3736.39
2024-09-06,North,Gizmo Lite,Customer 27,4,143.86,575.43,388.93,186.5
2024-09-06,South,Gizmo Pro,Customer 20,3,322.96,968.89,494.5,474.39
2024-09-07,North,Gadget X,Customer 6,6,115.99,695.93,449.65,246.28
2024-09-07,South,Gadget X,Customer 3,18,127.19,2289.35,1462.76,826.59
2024-09-07,South,Gizmo Lite,Customer 15,11,135.0,1485.01,954.01,531.0
2024-09-08,Central,Gizmo Lite,Customer 9,21,135.03,2835.59,1930.03,905.56
2024-09-08,East,Widget B,Customer 11,24,41.88,1005.13,664.09,341.04
2024-09-08,North,Widget B,Customer 39,5,42.58,212.91,107.02,105.89
2024-09-08,South,Gizmo Pro,Customer 34,4,322.41,1289.62,877.12,412.5
2024-09-09,East,Widget B,Customer 14,11,43.51,478.56,265.66,212.9
2024-09-09,South,Gadget Y,Customer 7,3,90.74,272.21,178.96,93.25
2024-09-11,East,Gadget X,Customer 35,1,111.03,111.03,70.53,40.5
2024-09-11,South,Gizmo Lite,Customer 32,10,160.33,1603.26,956.83,646.43
2024-09-12,Central,Widget B,Customer 38,15,43.14,647.07,379.3,267.77
2024-09-13,North,Widget B,Customer 24,14,42.4,593.62,399.27,194.35
2024-09-13,East,Widget B,Customer 10,24,37.39,897.4,513.53,383.87
2024-09-13,North,Widget A,Customer 1,22,25.09,552.07,341.32,210.75
2024-09-14,West,Gadget X,Customer 12,12,121.56,1458.76,932.63,526.13
2024-09-14,Central,Gizmo Lite,Customer 5,24,141.45,3394.76,1718.55,1676.21
2024-09-14,West,Gizmo Pro,Customer 4,10,314.16,3141.55,1701.71,1439.84
2024-09-16,Central,Gadget X,Customer 2,2,117.86,235.73,119.42,116.31
2024-09-17,East,Gizmo Lite,Customer 18,20,159.59,3191.81,2233.85,957.96
2024-09-18,North,Widget B,Customer 28,11,38.67,425.4,257.1,168.3
2024-09-18,East,Gadget X,Customer 13,9,110.06,990.58,506.59,483.99
2024-09-19,North,Gadget Y,Customer 11,22,97.71,2149.59,1255.9,893.69
2024-09-20,North,Gadget Y,Customer 2,18,93.39,1681.11,1145.85,535.26
2024-09-20,North,Gadget X,Customer 39,14,122.93,1721.01,1202.11,518.9
2024-09-21,East,Gizmo Lite,Customer 36,0,136.23,0.0,1414.56,-1414.56
2024-09-21,North,Widget B,Customer 29,10,41.36,413.55,218.83,194.72
2024-09-22,South,Widget A,Customer 30,19,25.26,479.93,315.74,164.19
2024-09-22,South,Widget B,Customer 39,17,37.69,640.76,362.35,278.41
2024-09-22,South,Gadget X,Customer 18,6,125.26,751.57,410.12,341.45
2024-09-23,North,Gizmo Pro,Customer 30,12,304.97,3659.62,2558.39,1101.23
2024-09-24,West,Gadget Y,Customer 6,22,87.19,1918.25,1248.88,669.37
2024-09-24,Central,Widget A,Customer 20,11,26.28,289.09,193.23,95.86
2024-09-25,North,Gizmo Pro,Customer 37,6,329.2,1975.19,1135.45,839.74
2024-09-25,South,Gizmo Lite,Customer 23,13,138.61,1801.97,1111.65,690.32
2024-09-26,West,Widget A,Customer 10,19,26.76,508.4,270.12,238.28
2024-09-26,West,Gizmo Lite,Customer 1,19,146.08,2775.49,1905.61,869.88
2024-09-27,West,Gizmo Lite,Customer 8,13,160.75,2089.76,1142.1,947.66
2024-09-29,South,Widget B,Customer 8,18,37.51,675.12,436.24,238.88
2024-09-29,East,Widget B,Customer 12,3,37.63,112.89,62.33,50.56
2024-09-29,East,Gadget X,Customer 36,13,131.38,1707.95,1143.32,564.63
2024-09-30,West,Gizmo Pro,Customer 19,15,295.14,4427.05,2878.63,1548.42
2024-09-30,East,Gizmo Pro,Customer 30,7,274.8,1923.63,1144.35,779.28
2024-09-30,East,Widget B,Customer 26,17,42.79,727.42,383.59,343.83
2024-10-01,South,Gadget X,Customer 37,21,121.08,2542.67,1315.47,1227.2
2024-10-01,North,Widget A,Customer 3,1,22.65,22.65,15.05,7.6
2024-10-01,East,Widget A,Customer 11,18,27.12,488.22,329.78,158.44
2024-10-01,East,Gadget Y,Customer 25,15,91.3,1369.51,743.0,626.51
2024-10-02,North,Widget A,Customer 34,22,26.07,573.61,362.54,211.07
2024-10-02,Central,Gizmo Pro,Customer 19,4,283.64,1134.56,644.26,490.3
2024-10-02,West,Gadget Y,Customer 6,9,88.52,796.67,495.56,301.11
2024-10-02,North,Gadget X,Customer 32,7,120.27,841.86,495.94,345.92
2024-10-02,South,Gadget Y,Customer 9,15,86.12,1291.73,732.63,559.1
2024-10-03,North,Gizmo Pro,Customer 9,17,277.0,4709.03,2800.15,1908.88
2024-10-03,Central,Gadget Y,Customer 25,15,97.73,1466.01,977.63,488.38
2024-10-04,South,Widget B,Customer 19,14,40.21,562.98,371.65,191.33
2024-10-05,Central,Gizmo Pro,Customer 29,2,306.2,612.4,364.18,248.22
2024-10-06,East,Gizmo Lite,Customer 25,22,154.99,3409.74,2379.2,1030.54
2024-10-07,West,Gizmo Lite,Customer 22,22,137.51,3025.15,1524.15,1501.0
2024-10-08,East,Gadget Y,Customer 8,5,93.86,469.32,241.17,228.15
2024-10-08,West,Gadget X,Customer 15,3,111.97,335.92,215.43,120.49
2024-10-10,West,Widget A,Customer 35,11,24.75,272.2,149.03,123.17
2024-10-11,South,Gizmo Pro,Customer 32,6,328.62,1971.72,1026.04,945.68
2024-10-12,East,Gizmo Lite,Customer 17,4,163.48,653.91,409.63,244.28
2024-10-13,West,Widget A,Customer 20,1,23.28,23.28,14.19,9.09
2024-10-14,East,Widget A,Customer 8,0,25.84,0.0,145.52,-145.52
2024-10-14,South,Gizmo Lite,Customer 20,8,138.53,1108.21,698.0,410.21
2024-10-14,North,Gadget Y,Customer 9,22,93.06,2047.3,1400.16,647.14
2024-10-15,Central,Gadget Y,Customer 34,2,93.83,187.66,119.05,68.61
2024-10-15,South,Gizmo Pro,Customer 26,2,329.96,659.93,336.33,323.6
2024-10-16,West,Gadget X,Customer 13,17,114.62,1948.51,1053.85,894.66
2024-10-17,North,Gizmo Pro,Customer 3,20,312.94,6258.88,4347.16,1911.72
2024-10-17,Central,Gadget Y,Customer 30,19,100.61,1911.56,1059.32,852.24
2024-10-17,West,Gadget X,Customer 8,20,108.17,2163.41,1436.24,727.17
2024-10-17,East,Widget B,Customer 2,13,41.33,537.35,291.36,245.99
2024-10-19,West,Gizmo Lite,Customer 17,4,147.15,588.61,294.62,293.99
2024-10-19,South,Gizmo Pro,Customer 4,11,277.39,3051.33,2050.14,1001.19
2024-10-19,South,Gizmo Lite,Customer 39,9,155.77,1401.96,978.92,423.04
2024-10-21,North,Widget B,Customer 40,6,37.82,226.91,132.68,94.23
2024-10-21,West,Gadget Y,Customer 2,22,87.89,1933.49,1032.98,900.51
2024-10-21,West,Gizmo Lite,Customer 10,11,140.3,1543.25,839.68,703.57
2024-10-21,North,Gadget X,Customer 37,8,119.49,955.91,642.77,313.14
2024-10-22,Central,Gizmo Lite,Customer 40,14,158.29,2216.11,1398.88,817.23
2024-10-22,East,Widget B,Customer 19,13,38.82,504.72,342.61,162.11
2024-10-22,South,Gizmo Pro,Customer 9,10,318.17,3181.71,1593.8,1587.91
2024-10-22,West,Gizmo Pro,Customer 16,6,328.83,1973.01,1342.97,630.04
2024-10-23,North,Gadget X,Customer 28,7,121.12,847.85,463.26,384.59
2024-10-23,West,Widget B,Customer 13,4,40.72,162.89,94.72,68.17
2024-10-23,Central,Gadget X,Customer 3,10,124.78,1247.84,833.42,414.42
2024-10-24,Central,Widget A,Customer 33,21,27.18,570.8,344.02,226.78
2024-10-26,North,Gizmo Pro,Customer 31,5,328.07,1640.36,1112.11,528.25
2024-10-26,North,Gadget X,Customer 23,24,117.1,2810.38,1613.99,1196.39
2024-10-27,West,Gadget Y,Customer 37,14,99.42,1391.82,953.15,438.67
2024-10-27,North,Gizmo Pro,Customer 35,9,319.14,2872.29,1746.81,1125.48
2024-10-27,South,Gizmo Pro,Customer 28,4,308.17,1232.67,656.95,575.72
2024-10-27,North,Gadget X,Customer 7,3,129.48,388.45,233.98,154.47
2024-10-30,East,Gadget Y,Customer 28,4,92.81,371.22,221.82,149.4
2024-10-30,South,Gizmo Pro,Customer 22,15,311.56,4673.36,3120.04,1553.32
2024-10-31,North,Gadget Y,Customer 27,9,93.22,839.0,562.34,276.66
2024-10-31,Central,Widget B,Customer 37,16,36.14,578.29,403.38,174.91
2024-11-03,North,Gadget X,Customer 19,4,123.43,493.72,316.37,177.35
2024-11-03,North,Gizmo Pro,Customer 34,4,314.06,1256.25,680.59,575.66
2024-11-04,East,Widget B,Customer 35,20,43.58,871.66,480.9,390.76
2024-11-04,East,Gadget Y,Customer 11,14,88.67,1241.4,681.21,560.19
2024-11-04,North,Gizmo Pro,Customer 25,1,314.34,314.34,171.21,143.13
2024-11-05,East,Gizmo Pro,Customer 3,18,320.09,5761.69,3751.88,2009.81
2024-11-06,North,Widget A,Customer 24,3,27.45,82.36,47.98,34.38
2024-11-07,West,Widget A,Customer 22,18,25.14,452.58,229.4,223.18
2024-11-07,West,Gadget X,Customer 17,21,118.81,2495.07,1311.99,1183.08
2024-11-08,West,Gizmo Lite,Customer 40,2,135.35,270.7,158.2,112.5
2024-11-09,Central,Widget A,Customer 1,6,26.68,160.09,107.66,52.43
2024-11-09,East,Widget A,Customer 40,20,22.58,451.58,273.0,178.58
2024-11-10,West,Gizmo Pro,Customer 1,9,274.51,2470.57,1499.96,970.61
2024-11-12,South,Gadget Y,Customer 18,23,88.6,2037.89,1061.46,976.43
2024-11-12,East,Gadget Y,Customer 27,6,91.78,550.68,357.36,193.32
2024-11-12,Central,Widget A,Customer 26,5,24.01,1366.29901281008,77.6,1288.7
2024-11-15,North,Widget A,Customer 38,10,25.57,255.7,159.37,96.33
2024-11-15,West,Gadget X,Customer 36,4,125.19,500.75,310.37,190.38
2024-11-15,West,Gizmo Pro,Customer 13,4,319.43,1277.7,654.98,622.72
2024-11-15,West,Gizmo Pro,Customer 28,14,272.82,3819.45,2036.75,1782.7
2024-11-16,Central,Widget B,Customer 38,23,39.35,905.16,579.5,325.66
2024-11-17,North,Gadget Y,Customer 12,22,85.82,1888.08,1234.86,653.22
2024-11-17,East,Gizmo Lite,Customer 16,9,145.27,1307.39,704.54,602.85
2024-11-18,East,Gizmo Lite,Customer 2,17,161.07,2738.17,1864.39,873.78
2024-11-18,North,Gadget X,Customer 22,23,114.01,2622.25,1620.48,1001.77
2024-11-19,South,Gizmo Lite,Customer 15,13,135.88,1766.38,1074.4,691.98
2024-11-19,West,Widget B,Customer 35,1,36.11,36.11,18.6,17.51
2024-11-20,North,Gadget Y,Customer 35,7,95.48,668.39,398.58,269.81
2024-11-20,East,Gizmo Pro,Customer 23,10,329.4,3293.98,1859.36,1434.62
2024-11-21,North,Widget A,Customer 12,14,23.21,324.97,194.91,130.06
2024-11-21,West,Widget A,Customer 9,6,26.5,158.99,90.1,68.89
2024-11-21,East,Widget A,Customer 28,17,23.91,406.46,218.21,188.25
2024-11-21,North,Gizmo Pro,Customer 8,23,301.23,6928.22,4842.25,2085.97
2024-11-22,West,Widget B,Customer 16,9,38.93,350.34,191.24,159.1
2024-11-23,North,Widget B,Customer 30,8,43.06,344.45,238.3,106.15
2024-11-23,North,Widget A,Customer 19,17,24.0,407.93,239.12,168.81
2024-11-23,South,Gadget Y,Customer 1,18,102.64,1847.56,1247.97,599.59
2024-11-24,Central,Widget B,Customer 21,2,41.04,82.08,45.12,36.96
2024-11-24,East,Gadget X,Customer 5,2,130.45,260.9,169.66,91.24
2024-11-24,South,Gizmo Lite,Customer 6,21,158.44,3327.32,2131.67,1195.65
2024-11-25,North,Gadget Y,Customer 2,13,103.24,1342.09,921.37,420.72
2024-11-26,South,Gadget X,Customer 26,3,131.66,394.98,260.0,134.98
2024-11-26,South,Gadget Y,Customer 25,12,95.45,1145.38,622.69,522.69
2024-11-27,South,Gadget X,Customer 30,22,131.46,2892.12,1913.35,978.77
2024-11-29,South,Gadget X,Customer 31,5,112.2,561.01,355.99,205.02
2024-11-29,Central,Gadget Y,Customer 7,12,90.99,1091.88,628.28,463.6
2024-11-30,West,Gadget X,Customer 18,22,122.24,2689.25,1694.39,994.86
2024-11-30,West,Gadget X,Customer 5,9,110.74,996.66,601.65,395.01
2024-11-30,West,Gadget Y,Customer 26,6,96.49,578.94,321.21,257.73
2024-12-01,North,Widget B,Customer 19,9,42.06,378.5,235.18,143.32
2024-12-01,West,Gadget X,Customer 27,6,127.05,762.33,455.34,306.99
2024-12-02,West,Gadget X,Customer 14,16,129.65,2074.35,1371.85,702.5
2024-12-02,South,Widget B,Customer 39,21,36.93,775.57,407.5,368.07
2024-12-02,Central,Gadget Y,Customer 37,11,103.11,1134.24,714.22,420.02
2024-12-04,East,Gizmo Lite,Customer 26,4,136.5,545.98,371.69,174.29
2024-12-04,East,Gizmo Lite,Customer 14,8,146.9,1175.22,699.02,476.2
2024-12-05,East,Gadget X,Customer 31,7,126.43,885.0,575.57,309.43
2024-12-05,West,Gadget X,Customer 4,11,130.27,1433.0,763.91,669.09
2024-12-06,East,Gadget Y,Customer 1,21,91.01,1911.18,1281.62,629.56
2024-12-06,East,Gizmo Lite,Customer 1,17,157.57,2678.7,1348.8,1329.9
2024-12-07,North,Gadget X,Customer 40,4,124.65,498.59,326.19,172.4
2024-12-08,North,Gadget Y,Customer 8,2,98.19,196.38,121.49,74.89
2024-12-08,Central,Widget B,Customer 7,8,38.24,305.88,200.81,105.07
2024-12-09,South,Widget B,Customer 2,3,40.72,122.17,67.63,54.54
2024-12-09,North,Widget A,Customer 11,20,26.54,530.75,319.37,211.38
2024-12-12,West,Gizmo Pro,Customer 5,13,274.54,3569.02,2042.58,1526.44
2024-12-13,North,Gadget X,Customer 35,18,113.94,2050.98,1168.26,882.72
2024-12-14,West,Gizmo Pro,Customer 23,20,286.71,5734.16,3845.31,1888.85
2024-12-14,Central,Widget B,Customer 29,10,37.43,374.35,259.85,114.5
2024-12-15,Central,Gizmo Pro,Customer 26,7,325.52,2278.62,1534.86,743.76
2024-12-16,South,Widget A,Customer 31,17,25.06,425.95,216.97,208.98
2024-12-16,East,Widget A,Customer 32,15,26.3,394.45,253.45,141.0
2024-12-16,West,Gadget X,Customer 12,7,109.58,767.03,509.54,257.49
2024-12-18,South,Gizmo Lite,Customer 27,15,160.87,2413.12,1319.05,1094.07
2024-12-18,West,Widget A,Customer 23,14,23.14,323.92,170.14,153.78
2024-12-19,East,Widget A,Customer 33,16,25.42,406.68,246.1,160.58
2024-12-20,West,Gadget Y,Customer 38,19,98.0,1862.07,974.61,887.46
2024-12-20,West,Gizmo Lite,Customer 29,22,156.68,3446.99,2200.93,1246.06
2024-12-21,East,Widget A,Customer 14,9,25.21,226.87,142.18,84.69
2024-12-21,North,Widget B,Customer 30,18,39.84,717.11,444.61,272.5
2024-12-22,South,Gadget Y,Customer 24,8,94.93,759.47,398.47,361.0
2024-12-23,East,Widget B,Customer 17,5,39.99,199.94,115.37,84.57
2024-12-23,West,Gizmo Pro,Customer 16,1,323.21,323.21,219.06,104.15
2024-12-23,South,Widget B,Customer 9,13,38.93,506.13,292.64,213.49
2024-12-24,East,Widget A,Customer 12,15,26.04,390.54,255.24,135.3
2024-12-25,South,Gizmo Lite,Customer 3,12,145.06,1740.67,930.83,809.84
2024-12-25,North,Widget A,Customer 5,20,25.53,510.59,299.04,211.55
2024-12-26,East,Gizmo Pro,Customer 2,24,295.99,7103.88,4950.48,2153.4
2024-12-26,East,Gadget X,Customer 40,18,121.45,2186.17,1505.25,680.92
2024-12-27,West,Widget B,Customer 7,10,38.82,388.2,203.89,184.31
2024-12-27,East,Gizmo Pro,Customer 26,4,321.16,1284.62,781.47,503.15
2024-12-27,South,Gadget Y,Customer 34,13,96.24,1251.16,736.25,514.91
2024-12-27,North,Gadget Y,Customer 18,18,87.68,1578.15,910.23,667.92
2024-12-28,West,Gadget Y,Customer 40,22,102.36,2251.85,1338.6,913.25
2024-12-28,Central,Widget B,Customer 32,24,38.46,923.07,632.5,290.57
2024-12-29,South,Gadget X,Customer 19,17,109.28,1857.82,1285.07,572.75
2024-12-29,West,Widget B,Customer 23,21,41.7,875.79,554.62,321.17
2024-12-30,North,Gizmo Lite,Customer 9,3,138.49,415.48,228.87,186.61
2024-12-31,North,Widget A,Customer 20,12,22.98,275.8,147.66,128.14
2024-12-31,East,Gadget X,Customer 3,10,120.4,1204.03,780.25,423.78
